ID,position,team,goals_scored,saves_per_90,penalties_saved,own_goals,clean_sheets,saves,yellow_cards,red_cards,Goals,Wins,Losses,Goals Conceded,Tackles,Tackle success %,Interceptions,Recoveries,Duels won,Duels lost,Aerial battles won,Aerial battles lost,Assists,Passes,Big Chances Created,Cross accuracy %,Accurate long balls,Fouls,Headed goals,Shots,Shots on target,Shooting accuracy %,Big chances missed,Saves,Goals_Assists,Total_Contributions,Minutes_per_Goal,Minutes_per_Assist,Goals_Category,Assists_Category
1,1,0,0,0.0,0.0,0.0,0.0,0.0,0.0,0.0,0.0,0.0,0.0,11.0,0.0,0.53,0.0,34.0,33.0,30.0,5.0,6.0,0.0,0.0,0.0,0.0,6.0,0.0,0.0,0.0,0.0,0.0,0.0,0.0,0,0.0,0.0,0.0,0,0
2,3,0,0,0.0,0.0,0.0,0.0,0.0,0.0,0.0,0.0,3.0,0.0,11.0,0.0,0.0,1.0,2.0,1.0,3.0,1.0,1.0,0.0,40.0,0.0,0.0,0.0,1.0,0.0,2.0,1.0,0.5,0.0,0.0,0,0.0,1.0,1.0,0,0
3,3,0,4,0.0,0.0,0.0,4.0,0.0,5.0,0.0,13.0,28.0,4.0,11.0,35.0,0.43,20.0,122.0,197.0,220.0,105.0,105.0,7.0,932.0,8.0,0.17,8.0,49.0,3.0,69.0,28.0,0.41,13.0,0.0,20,20.0,78.0,136.5,3,2
4,0,0,0,0.0,0.0,0.0,1.0,0.0,0.0,0.0,1.0,17.0,1.0,8.0,20.0,0.6,8.0,35.0,40.0,29.0,16.0,11.0,3.0,544.0,1.0,0.25,21.0,10.0,1.0,5.0,2.0,0.22,0.0,0.0,4,4.0,123.5,61.75,1,1
5,1,0,5,0.0,0.0,0.0,6.0,0.0,3.0,0.0,5.0,18.0,5.0,11.0,12.0,0.53,4.0,34.0,33.0,30.0,5.0,6.0,2.0,209.0,2.0,0.0,6.0,24.0,0.0,38.0,12.0,0.32,4.0,0.0,7,7.0,140.33333333333334,280.6666666666667,1,1
6,3,0,4,0.0,0.0,0.0,6.0,0.0,1.0,0.0,8.0,26.0,4.0,11.0,49.0,0.35,15.0,158.0,125.0,176.0,3.0,9.0,10.0,1900.0,17.0,0.39,45.0,30.0,0.0,77.0,23.0,0.3,4.0,0.0,18,18.0,147.66666666666666,120.81818181818181,2,2
7,3,0,4,0.0,0.0,0.0,6.0,0.0,1.0,0.0,8.0,26.0,4.0,11.0,49.0,0.35,15.0,158.0,125.0,176.0,3.0,9.0,10.0,1900.0,17.0,0.39,45.0,30.0,0.0,77.0,23.0,0.3,4.0,0.0,18,18.0,147.66666666666666,120.81818181818181,2,2
8,3,0,0,0.0,0.0,0.0,1.0,0.0,0.0,0.0,0.0,12.0,0.0,11.0,14.0,0.79,11.0,56.0,36.0,33.0,7.0,8.0,0.0,621.0,0.0,1.0,25.0,10.0,0.0,8.0,2.0,0.25,0.0,0.0,0,0.0,250.0,250.0,0,0
9,3,0,0,0.0,0.0,0.0,0.0,0.0,0.0,0.0,0.0,0.0,0.0,11.0,0.0,0.53,0.0,34.0,33.0,30.0,5.0,6.0,0.0,0.0,0.0,0.0,6.0,0.0,0.0,0.0,0.0,0.0,0.0,0.0,0,0.0,0.0,0.0,0,0
10,3,0,0,0.0,0.0,0.0,0.0,0.0,0.0,0.0,0.0,0.0,0.0,11.0,0.0,0.53,0.0,34.0,33.0,30.0,5.0,6.0,0.0,0.0,0.0,0.0,6.0,0.0,0.0,0.0,0.0,0.0,0.0,0.0,0,0.0,0.0,0.0,0,0
11,2,0,0,1.2,0.0,0.0,2.0,6.0,0.0,0.0,0.0,5.0,0.0,5.0,10.0,0.53,3.0,34.0,33.0,30.0,5.0,6.0,0.0,158.0,0.0,0.0,23.0,0.0,0.0,5.0,2.0,0.22,0.0,9.0,0,0.0,450.0,450.0,0,0
12,3,0,5,0.0,0.0,0.0,6.0,0.0,2.0,0.0,16.0,25.0,5.0,11.0,66.0,0.53,15.0,34.0,33.0,30.0,5.0,6.0,9.0,1310.0,15.0,0.0,6.0,41.0,1.0,108.0,37.0,0.34,11.0,0.0,25,25.0,87.23529411764706,148.3,4,2
13,0,0,1,0.0,0.0,0.0,7.0,0.0,1.0,0.0,2.0,28.0,5.0,29.0,41.0,0.63,29.0,213.0,139.0,94.0,72.0,49.0,1.0,2839.0,0.0,0.33,68.0,22.0,2.0,5.0,2.0,0.22,0.0,0.0,3,3.0,540.0,810.0,1,1
14,3,0,0,0.0,0.0,0.0,1.0,0.0,0.0,0.0,0.0,9.0,2.0,11.0,4.0,0.25,3.0,15.0,12.0,19.0,3.0,5.0,1.0,211.0,0.0,0.0,1.0,5.0,0.0,15.0,7.0,0.47,1.0,0.0,1,1.0,105.0,52.5,0,1
15,0,0,0,0.0,0.0,0.0,0.0,0.0,0.0,0.0,0.0,0.0,0.0,0.0,0.0,0.0,0.0,0.0,0.0,0.0,0.0,0.0,0.0,0.0,0.0,0.0,0.0,0.0,0.0,5.0,2.0,0.22,0.0,0.0,0,0.0,0.0,0.0,0,0
16,0,0,1,0.0,0.0,0.0,3.0,0.0,0.0,1.0,2.0,17.0,3.0,10.0,20.0,0.45,18.0,54.0,57.0,50.0,26.0,20.0,1.0,608.0,0.0,0.36,16.0,14.0,0.0,5.0,2.0,0.22,0.0,0.0,3,3.0,194.33333333333334,291.5,1,1
17,3,0,3,0.0,0.0,0.0,2.0,0.0,0.0,0.0,12.0,25.0,5.0,11.0,27.0,0.53,8.0,34.0,33.0,30.0,5.0,6.0,1.0,606.0,3.0,0.0,6.0,15.0,1.0,60.0,22.0,0.37,7.0,0.0,13,13.0,42.76923076923077,278.0,3,1
18,3,0,0,0.0,0.0,0.0,0.0,0.0,0.0,0.0,0.0,0.0,0.0,11.0,0.0,0.0,0.0,0.0,0.0,0.0,0.0,0.0,0.0,0.0,0.0,0.0,0.0,0.0,0.0,0.0,0.0,0.0,0.0,0.0,0,0.0,0.0,0.0,0,0
19,0,0,1,0.0,0.0,0.0,6.0,0.0,2.0,0.0,1.0,19.0,4.0,15.0,50.0,0.6,20.0,104.0,93.0,60.0,27.0,16.0,2.0,1411.0,5.0,0.17,53.0,7.0,0.0,5.0,2.0,0.22,0.0,0.0,3,3.0,569.5,379.6666666666667,1,1
20,3,0,3,0.0,0.0,0.0,7.0,0.0,2.0,0.0,7.0,28.0,5.0,11.0,83.0,0.61,44.0,178.0,156.0,143.0,39.0,46.0,8.0,2227.0,9.0,0.35,78.0,34.0,2.0,58.0,20.0,0.34,2.0,0.0,15,15.0,195.375,173.66666666666666,2,2
21,3,0,0,0.0,0.0,0.0,0.0,0.0,0.0,0.0,0.0,11.0,3.0,11.0,9.0,0.67,1.0,22.0,16.0,22.0,0.0,5.0,0.0,127.0,1.0,0.21,2.0,5.0,0.0,4.0,1.0,0.25,0.0,0.0,0,0.0,63.0,63.0,0,0
22,0,0,0,0.0,0.0,0.0,0.0,0.0,1.0,0.0,0.0,2.0,0.0,0.0,2.0,1.0,0.0,4.0,4.0,5.0,1.0,1.0,0.0,67.0,0.0,0.0,1.0,3.0,0.0,5.0,2.0,0.22,0.0,0.0,0,0.0,49.0,49.0,0,0
23,2,0,0,0.0,0.0,0.0,0.0,0.0,0.0,0.0,0.0,0.0,0.0,0.0,10.0,0.53,3.0,34.0,33.0,30.0,5.0,6.0,0.0,0.0,0.0,0.0,0.0,0.0,0.0,5.0,2.0,0.22,0.0,0.0,0,0.0,0.0,0.0,0,0
24,0,0,0,0.0,0.0,0.0,0.0,0.0,0.0,0.0,0.0,0.0,0.0,0.0,0.0,0.0,0.0,0.0,0.0,0.0,0.0,0.0,0.0,0.0,0.0,0.0,0.0,0.0,0.0,5.0,2.0,0.22,0.0,0.0,0,0.0,0.0,0.0,0,0
25,3,0,0,0.0,0.0,0.0,0.0,0.0,0.0,0.0,0.0,0.0,0.0,11.0,0.0,0.0,0.0,0.0,0.0,0.0,0.0,0.0,0.0,0.0,0.0,0.0,0.0,0.0,0.0,0.0,0.0,0.0,0.0,0.0,0,0.0,0.0,0.0,0,0
26,3,0,0,0.0,0.0,0.0,0.0,0.0,0.0,0.0,0.0,0.0,0.0,11.0,0.0,0.0,0.0,0.0,0.0,0.0,0.0,0.0,0.0,0.0,0.0,0.0,0.0,0.0,0.0,0.0,0.0,0.0,0.0,0.0,0,0.0,0.0,0.0,0,0
27,3,1,5,0.0,0.0,0.0,3.0,0.0,3.0,0.0,10.0,18.0,9.0,11.0,13.0,0.54,9.0,107.0,110.0,156.0,15.0,24.0,9.0,701.0,12.0,0.23,27.0,26.0,0.0,53.0,18.0,0.34,1.0,0.0,19,19.0,63.0,69.3,2,2
28,0,1,2,0.0,0.0,1.0,3.0,0.0,5.0,0.0,2.0,16.0,7.0,36.0,54.0,0.57,18.0,110.0,103.0,114.0,15.0,21.0,2.0,1028.0,6.0,0.23,31.0,30.0,0.0,5.0,2.0,0.22,0.0,0.0,4,4.0,420.6666666666667,420.6666666666667,1,1
29,1,1,0,0.0,0.0,0.0,0.0,0.0,0.0,0.0,0.0,0.0,0.0,11.0,0.0,0.53,0.0,34.0,33.0,30.0,5.0,6.0,0.0,0.0,0.0,0.0,6.0,0.0,0.0,0.0,0.0,0.0,0.0,0.0,0,0.0,0.0,0.0,0,0
30,3,1,0,0.0,0.0,0.0,0.0,0.0,0.0,0.0,1.0,6.0,2.0,11.0,6.0,0.67,2.0,4.0,11.0,8.0,4.0,5.0,0.0,56.0,0.0,0.0,3.0,1.0,0.0,2.0,1.0,0.5,0.0,0.0,1,1.0,16.0,32.0,1,0
31,0,1,0,0.0,0.0,0.0,5.0,0.0,5.0,0.0,1.0,17.0,9.0,41.0,47.0,0.4,26.0,101.0,129.0,101.0,42.0,25.0,3.0,1013.0,5.0,0.23,21.0,29.0,1.0,5.0,2.0,0.22,0.0,0.0,4,4.0,736.0,368.0,1,1
32,1,1,2,0.0,0.0,0.0,0.0,0.0,4.0,0.0,5.0,11.0,5.0,11.0,6.0,0.53,1.0,34.0,33.0,30.0,5.0,6.0,0.0,114.0,0.0,0.0,6.0,12.0,0.0,20.0,7.0,0.35,1.0,0.0,5,5.0,22.666666666666668,136.0,1,0
33,3,1,0,0.0,0.0,0.0,0.0,0.0,0.0,0.0,0.0,4.0,4.0,11.0,7.0,0.71,2.0,15.0,14.0,19.0,2.0,0.0,0.0,55.0,0.0,0.0,0.0,9.0,0.0,0.0,0.0,0.0,0.0,0.0,0,0.0,0.0,0.0,0,0
34,3,1,0,0.0,0.0,0.0,0.0,0.0,0.0,0.0,0.0,4.0,4.0,11.0,7.0,0.71,2.0,15.0,14.0,19.0,2.0,0.0,0.0,55.0,0.0,0.0,0.0,9.0,0.0,0.0,0.0,0.0,0.0,0.0,0,0.0,0.0,0.0,0,0
35,3,1,0,0.0,0.0,0.0,5.0,0.0,6.0,1.0,0.0,13.0,5.0,11.0,43.0,0.67,21.0,97.0,105.0,108.0,20.0,25.0,1.0,1024.0,1.0,0.0,41.0,35.0,0.0,5.0,1.0,0.2,0.0,0.0,1,1.0,1347.0,673.5,0,1
36,3,1,4,0.0,0.0,0.0,4.0,0.0,4.0,0.0,6.0,19.0,9.0,11.0,59.0,0.59,21.0,161.0,191.0,191.0,9.0,19.0,4.0,1142.0,10.0,0.34,73.0,39.0,0.0,40.0,16.0,0.4,3.0,0.0,10,10.0,218.71428571428572,306.2,2,1
37,2,1,0,1.0,0.0,0.0,0.0,1.0,0.0,0.0,0.0,1.0,3.0,13.0,10.0,0.53,3.0,34.0,33.0,30.0,5.0,6.0,0.0,184.0,0.0,0.0,20.0,0.0,0.0,5.0,2.0,0.22,0.0,21.0,0,0.0,90.0,90.0,0,0
38,3,1,1,0.0,0.0,0.0,0.0,0.0,0.0,0.0,1.0,11.0,3.0,11.0,16.0,0.5,3.0,42.0,41.0,52.0,5.0,3.0,1.0,310.0,1.0,0.18,0.0,7.0,0.0,19.0,5.0,0.26,2.0,0.0,2,2.0,156.0,156.0,1,1
39,3,1,0,0.0,0.0,0.0,0.0,0.0,0.0,0.0,0.0,0.0,0.0,11.0,0.0,0.0,0.0,0.0,0.0,0.0,0.0,0.0,0.0,0.0,0.0,0.0,0.0,0.0,0.0,0.0,0.0,0.0,0.0,0.0,0,0.0,0.0,0.0,0,0
40,2,1,0,0.0,0.0,0.0,0.0,0.0,0.0,0.0,0.0,0.0,0.0,0.0,10.0,0.53,3.0,34.0,33.0,30.0,5.0,6.0,0.0,0.0,0.0,0.0,0.0,0.0,0.0,5.0,2.0,0.22,0.0,0.0,0,0.0,0.0,0.0,0,0
41,3,1,0,0.0,0.0,0.0,1.0,0.0,0.0,0.0,2.0,18.0,7.0,11.0,41.0,0.49,15.0,97.0,98.0,86.0,13.0,9.0,6.0,907.0,5.0,0.06,36.0,22.0,0.0,14.0,6.0,0.43,1.0,0.0,8,8.0,185.0,79.28571428571429,1,2
42,3,1,0,0.0,0.0,0.0,0.0,0.0,0.0,0.0,0.0,2.0,0.0,11.0,1.0,0.53,0.0,34.0,33.0,30.0,5.0,6.0,0.0,3.0,0.0,0.0,6.0,0.0,0.0,0.0,0.0,0.0,0.0,0.0,0,0.0,10.0,10.0,0,0
43,3,1,0,0.0,0.0,0.0,0.0,0.0,0.0,0.0,0.0,2.0,0.0,11.0,1.0,0.53,0.0,34.0,33.0,30.0,5.0,6.0,0.0,3.0,0.0,0.0,6.0,0.0,0.0,0.0,0.0,0.0,0.0,0.0,0,0.0,10.0,10.0,0,0
44,1,1,9,0.0,0.0,0.0,4.0,0.0,3.0,0.0,19.0,20.0,9.0,11.0,12.0,0.53,4.0,34.0,33.0,30.0,5.0,6.0,13.0,590.0,11.0,0.0,6.0,22.0,5.0,107.0,47.0,0.44,22.0,0.0,32,32.0,78.95,112.78571428571429,4,3
45,0,1,2,0.0,0.0,0.0,4.0,0.0,1.0,0.0,2.0,18.0,5.0,37.0,29.0,0.62,14.0,127.0,79.0,76.0,23.0,22.0,0.0,1770.0,1.0,0.38,85.0,18.0,1.0,5.0,2.0,0.22,0.0,0.0,2,2.0,496.3333333333333,1489.0,1,0
46,3,1,3,0.0,0.0,0.0,4.0,0.0,0.0,0.0,6.0,20.0,10.0,11.0,12.0,0.53,9.0,34.0,33.0,30.0,5.0,6.0,8.0,569.0,13.0,0.0,6.0,16.0,0.0,54.0,23.0,0.43,7.0,0.0,14,14.0,170.28571428571428,132.44444444444446,2,2
47,3,1,0,0.0,0.0,0.0,0.0,0.0,0.0,0.0,0.0,0.0,2.0,11.0,1.0,0.0,0.0,2.0,1.0,2.0,0.0,1.0,0.0,7.0,0.0,0.0,0.0,0.0,0.0,1.0,0.0,0.0,0.0,0.0,0,0.0,0.0,0.0,0,0
48,2,1,0,0.0,0.0,0.0,0.0,0.0,0.0,0.0,0.0,0.0,0.0,0.0,10.0,0.53,3.0,34.0,33.0,30.0,5.0,6.0,0.0,0.0,0.0,0.0,0.0,0.0,0.0,5.0,2.0,0.22,0.0,0.0,0,0.0,0.0,0.0,0,0
49,3,1,1,0.0,0.0,0.0,1.0,0.0,4.0,0.0,2.0,11.0,7.0,11.0,19.0,0.47,1.0,36.0,60.0,112.0,7.0,14.0,0.0,208.0,0.0,0.0,3.0,24.0,1.0,27.0,10.0,0.37,3.0,0.0,2,2.0,161.33333333333334,484.0,1,0
50,2,1,0,0.0,0.0,0.0,0.0,0.0,0.0,0.0,0.0,0.0,0.0,0.0,10.0,0.53,3.0,34.0,33.0,30.0,5.0,6.0,0.0,0.0,0.0,0.0,0.0,0.0,0.0,5.0,2.0,0.22,0.0,0.0,0,0.0,0.0,0.0,0,0
51,0,1,0,0.0,0.0,0.0,0.0,0.0,0.0,0.0,0.0,5.0,6.0,27.0,13.0,0.69,7.0,37.0,43.0,25.0,15.0,11.0,1.0,910.0,1.0,0.0,51.0,3.0,0.0,5.0,2.0,0.22,0.0,0.0,1,1.0,90.0,45.0,0,1
52,2,1,0,0.0,0.0,0.0,0.0,0.0,0.0,0.0,0.0,0.0,0.0,0.0,10.0,0.53,3.0,34.0,33.0,30.0,5.0,6.0,0.0,0.0,0.0,0.0,0.0,0.0,0.0,5.0,2.0,0.22,0.0,0.0,0,0.0,0.0,0.0,0,0
53,3,1,0,0.0,0.0,0.0,0.0,0.0,0.0,0.0,0.0,0.0,0.0,11.0,0.0,0.0,0.0,0.0,0.0,0.0,0.0,0.0,0.0,0.0,0.0,0.0,0.0,0.0,0.0,0.0,0.0,0.0,0.0,0.0,0,0.0,0.0,0.0,0,0
54,3,2,0,0.0,0.0,0.0,0.0,0.0,1.0,0.0,0.0,0.0,2.0,11.0,3.0,0.53,1.0,34.0,33.0,30.0,5.0,6.0,0.0,43.0,0.0,0.0,6.0,4.0,0.0,2.0,1.0,0.5,0.0,0.0,0,0.0,151.0,151.0,0,0
55,3,2,0,0.0,0.0,0.0,4.0,0.0,2.0,0.0,0.0,12.0,16.0,11.0,86.0,0.51,52.0,231.0,196.0,225.0,22.0,38.0,5.0,1220.0,10.0,0.26,88.0,48.0,0.0,43.0,13.0,0.3,0.0,0.0,5,5.0,1322.0,220.33333333333334,0,1
56,3,2,0,0.0,0.0,0.0,0.0,0.0,0.0,0.0,0.0,0.0,0.0,11.0,0.0,0.0,0.0,0.0,0.0,0.0,0.0,0.0,0.0,0.0,0.0,0.0,0.0,0.0,0.0,0.0,0.0,0.0,0.0,0.0,0,0.0,0.0,0.0,0,0
57,0,2,0,0.0,0.0,0.0,0.0,0.0,0.0,0.0,0.0,3.0,1.0,1.0,3.0,0.67,3.0,7.0,7.0,4.0,4.0,1.0,0.0,34.0,0.0,0.0,3.0,1.0,0.0,5.0,2.0,0.22,0.0,0.0,0,0.0,15.0,15.0,0,0
58,0,2,0,0.0,0.0,0.0,2.0,0.0,1.0,0.0,0.0,7.0,11.0,32.0,24.0,0.79,13.0,121.0,67.0,52.0,28.0,18.0,1.0,772.0,2.0,0.24,55.0,17.0,0.0,5.0,2.0,0.22,0.0,0.0,1,1.0,681.0,340.5,0,1
59,0,2,0,0.0,0.0,0.0,2.0,0.0,1.0,0.0,0.0,7.0,11.0,32.0,24.0,0.79,13.0,121.0,67.0,52.0,28.0,18.0,1.0,772.0,2.0,0.24,55.0,17.0,0.0,5.0,2.0,0.22,0.0,0.0,1,1.0,681.0,340.5,0,1
60,3,2,0,0.0,0.0,0.0,0.0,0.0,0.0,0.0,0.0,0.0,0.0,11.0,0.0,0.0,0.0,0.0,0.0,0.0,0.0,0.0,0.0,0.0,0.0,0.0,0.0,0.0,0.0,0.0,0.0,0.0,0.0,0.0,0,0.0,0.0,0.0,0,0
61,3,2,1,0.0,0.0,0.0,4.0,0.0,1.0,0.0,7.0,10.0,13.0,11.0,28.0,0.53,8.0,34.0,33.0,30.0,5.0,6.0,1.0,381.0,1.0,0.0,6.0,52.0,0.0,56.0,20.0,0.36,7.0,0.0,8,8.0,84.0,336.0,2,1
62,3,2,0,0.0,0.0,0.0,0.0,0.0,0.0,0.0,0.0,0.0,0.0,11.0,0.0,0.53,0.0,34.0,33.0,30.0,5.0,6.0,0.0,0.0,0.0,0.0,6.0,0.0,0.0,0.0,0.0,0.0,0.0,0.0,0,0.0,0.0,0.0,0,0
63,3,2,0,0.0,0.0,0.0,0.0,0.0,0.0,0.0,0.0,0.0,0.0,11.0,0.0,0.0,0.0,0.0,0.0,0.0,0.0,0.0,0.0,0.0,0.0,0.0,0.0,0.0,0.0,0.0,0.0,0.0,0.0,0.0,0,0.0,0.0,0.0,0,0
64,1,2,1,0.0,0.0,0.0,0.0,0.0,0.0,0.0,1.0,2.0,5.0,11.0,0.0,0.53,0.0,34.0,33.0,30.0,5.0,6.0,0.0,40.0,1.0,0.0,6.0,5.0,1.0,6.0,2.0,0.33,2.0,0.0,1,1.0,46.5,93.0,1,0
65,3,2,0,0.0,0.0,0.0,1.0,0.0,2.0,0.0,1.0,12.0,12.0,11.0,45.0,0.53,22.0,34.0,33.0,30.0,5.0,6.0,2.0,448.0,1.0,0.0,6.0,15.0,1.0,30.0,7.0,0.23,2.0,0.0,3,3.0,158.0,105.33333333333333,1,1
66,3,2,0,0.0,0.0,0.0,0.0,0.0,0.0,0.0,0.0,0.0,0.0,11.0,0.0,0.0,0.0,0.0,0.0,0.0,0.0,0.0,0.0,0.0,0.0,0.0,0.0,0.0,0.0,0.0,0.0,0.0,0.0,0.0,0,0.0,0.0,0.0,0,0
67,3,2,0,0.0,0.0,0.0,0.0,0.0,0.0,0.0,0.0,4.0,6.0,11.0,7.0,0.29,3.0,32.0,16.0,18.0,0.0,2.0,0.0,202.0,0.0,0.17,3.0,4.0,0.0,2.0,0.0,0.0,0.0,0.0,0,0.0,380.0,380.0,0,0
68,1,2,3,0.0,0.0,0.0,3.0,0.0,3.0,0.0,8.0,13.0,13.0,11.0,24.0,0.53,6.0,34.0,33.0,30.0,5.0,6.0,2.0,587.0,6.0,0.0,6.0,43.0,0.0,70.0,31.0,0.44,5.0,0.0,10,10.0,82.55555555555556,247.66666666666666,2,1
69,0,2,2,0.0,0.0,0.0,3.0,0.0,4.0,0.0,4.0,9.0,14.0,44.0,55.0,0.58,35.0,164.0,114.0,131.0,41.0,41.0,5.0,1259.0,2.0,0.44,125.0,41.0,3.0,5.0,2.0,0.22,0.0,0.0,9,9.0,205.0,170.83333333333334,1,1
70,3,2,2,0.0,0.0,0.0,4.0,0.0,1.0,0.0,3.0,11.0,12.0,11.0,53.0,0.64,5.0,142.0,132.0,169.0,13.0,31.0,4.0,760.0,7.0,0.21,26.0,20.0,0.0,53.0,16.0,0.3,3.0,0.0,7,7.0,248.25,198.6,1,1
71,2,2,0,0.0,0.0,0.0,0.0,0.0,0.0,0.0,0.0,2.0,2.0,5.0,10.0,0.53,3.0,34.0,33.0,30.0,5.0,6.0,0.0,105.0,0.0,0.0,23.0,1.0,0.0,5.0,2.0,0.22,0.0,13.0,0,0.0,0.0,0.0,0,0
72,0,2,0,0.0,0.0,0.0,4.0,0.0,3.0,0.0,1.0,12.0,16.0,67.0,59.0,0.54,33.0,153.0,167.0,115.0,77.0,61.0,0.0,1802.0,0.0,0.0,131.0,24.0,1.0,5.0,2.0,0.22,0.0,0.0,1,1.0,765.0,1530.0,1,0
73,0,2,0,0.0,0.0,1.0,3.0,0.0,2.0,0.0,0.0,8.0,12.0,37.0,47.0,0.55,20.0,93.0,98.0,88.0,18.0,32.0,1.0,627.0,3.0,0.2,22.0,25.0,0.0,5.0,2.0,0.22,0.0,0.0,1,1.0,1160.0,580.0,0,1
74,0,2,0,0.0,0.0,0.0,0.0,0.0,0.0,0.0,0.0,0.0,0.0,0.0,0.0,0.0,0.0,0.0,0.0,0.0,0.0,0.0,0.0,0.0,0.0,0.0,0.0,0.0,0.0,5.0,2.0,0.22,0.0,0.0,0,0.0,0.0,0.0,0,0
75,0,2,0,0.0,0.0,0.0,2.0,0.0,1.0,0.0,0.0,12.0,62.0,174.0,141.0,0.66,73.0,407.0,404.0,383.0,41.0,111.0,4.0,2887.0,10.0,0.21,94.0,68.0,0.0,5.0,2.0,0.22,0.0,0.0,4,4.0,949.0,189.8,0,1
76,3,2,0,0.0,0.0,0.0,0.0,0.0,2.0,0.0,1.0,8.0,11.0,11.0,24.0,0.63,12.0,63.0,76.0,89.0,17.0,22.0,1.0,432.0,4.0,0.19,15.0,20.0,0.0,15.0,4.0,0.27,0.0,0.0,2,2.0,115.0,115.0,1,1
77,3,2,0,0.0,0.0,0.0,0.0,0.0,0.0,0.0,0.0,2.0,1.0,11.0,4.0,0.75,4.0,7.0,11.0,4.0,2.0,3.0,0.0,69.0,0.0,0.0,4.0,0.0,0.0,0.0,0.0,0.0,0.0,0.0,0,0.0,0.0,0.0,0,0
78,3,2,1,0.0,0.0,0.0,1.0,0.0,0.0,0.0,2.0,7.0,7.0,11.0,23.0,0.53,8.0,34.0,33.0,30.0,5.0,6.0,2.0,281.0,2.0,0.0,6.0,11.0,0.0,27.0,9.0,0.33,1.0,0.0,4,4.0,93.33333333333333,93.33333333333333,1,1
79,0,3,0,0.0,0.0,0.0,2.0,0.0,4.0,0.0,2.0,8.0,12.0,33.0,38.0,0.55,25.0,60.0,121.0,69.0,65.0,23.0,1.0,722.0,5.0,0.23,31.0,25.0,1.0,5.0,2.0,0.22,0.0,0.0,3,3.0,241.0,361.5,1,1
80,2,3,0,0.0,0.0,0.0,0.0,0.0,0.0,0.0,0.0,0.0,0.0,0.0,10.0,0.53,3.0,34.0,33.0,30.0,5.0,6.0,0.0,0.0,0.0,0.0,0.0,0.0,0.0,5.0,2.0,0.22,0.0,0.0,0,0.0,0.0,0.0,0,0
81,3,3,1,0.0,0.0,0.0,0.0,0.0,0.0,0.0,1.0,3.0,6.0,11.0,4.0,1.0,3.0,17.0,13.0,18.0,3.0,6.0,1.0,86.0,1.0,0.67,4.0,3.0,0.0,2.0,2.0,1.0,0.0,0.0,2,2.0,94.0,94.0,1,1
82,3,3,0,0.0,0.0,0.0,0.0,0.0,0.0,0.0,0.0,0.0,0.0,11.0,0.0,0.0,0.0,0.0,0.0,0.0,0.0,0.0,0.0,0.0,0.0,0.0,0.0,0.0,0.0,0.0,0.0,0.0,0.0,0.0,0,0.0,0.0,0.0,0,0
83,3,3,0,0.0,0.0,0.0,0.0,0.0,0.0,0.0,0.0,0.0,0.0,11.0,0.0,0.0,0.0,0.0,0.0,0.0,0.0,0.0,0.0,0.0,0.0,0.0,0.0,0.0,0.0,0.0,0.0,0.0,0.0,0.0,0,0.0,0.0,0.0,0,0
84,0,3,1,0.0,0.0,0.0,3.0,0.0,2.0,0.0,1.0,9.0,14.0,51.0,38.0,0.53,44.0,136.0,145.0,72.0,73.0,35.0,1.0,1468.0,5.0,0.25,69.0,12.0,1.0,5.0,2.0,0.22,0.0,0.0,2,2.0,506.5,506.5,1,1
85,2,3,0,0.0,0.0,0.0,0.0,0.0,0.0,0.0,0.0,0.0,0.0,0.0,10.0,0.53,3.0,34.0,33.0,30.0,5.0,6.0,0.0,0.0,0.0,0.0,0.0,0.0,0.0,5.0,2.0,0.22,0.0,0.0,0,0.0,0.0,0.0,0,0
86,3,3,0,0.0,0.0,0.0,1.0,0.0,0.0,0.0,0.0,5.0,13.0,11.0,29.0,0.59,11.0,57.0,58.0,70.0,12.0,11.0,2.0,394.0,5.0,0.1,23.0,14.0,0.0,9.0,4.0,0.44,1.0,0.0,2,2.0,165.0,55.0,0,1
87,3,3,0,0.0,0.0,0.0,0.0,0.0,0.0,0.0,0.0,2.0,1.0,11.0,2.0,0.5,0.0,2.0,4.0,8.0,0.0,0.0,0.0,13.0,0.0,0.17,0.0,2.0,0.0,0.0,0.0,0.0,0.0,0.0,0,0.0,9.0,9.0,0,0
88,2,3,0,2.71,0.0,0.0,3.0,42.0,1.0,0.0,0.0,10.0,18.0,63.0,10.0,0.53,3.0,34.0,33.0,30.0,5.0,6.0,1.0,1446.0,0.0,0.0,321.0,2.0,0.0,5.0,2.0,0.22,0.0,115.0,1,1.0,1395.0,697.5,0,1
89,2,3,0,2.71,0.0,0.0,3.0,42.0,1.0,0.0,0.0,10.0,18.0,63.0,10.0,0.53,3.0,34.0,33.0,30.0,5.0,6.0,1.0,1446.0,0.0,0.0,321.0,2.0,0.0,5.0,2.0,0.22,0.0,115.0,1,1.0,1395.0,697.5,0,1
90,0,3,0,0.0,0.0,0.0,0.0,0.0,0.0,0.0,0.0,0.0,0.0,0.0,0.0,0.0,0.0,0.0,0.0,0.0,0.0,0.0,0.0,0.0,0.0,0.0,0.0,0.0,0.0,5.0,2.0,0.22,0.0,0.0,0,0.0,0.0,0.0,0,0
91,0,3,0,0.0,0.0,0.0,1.0,0.0,1.0,0.0,0.0,1.0,1.0,5.0,7.0,0.71,5.0,24.0,24.0,18.0,4.0,6.0,1.0,156.0,2.0,0.18,8.0,4.0,0.0,5.0,2.0,0.22,0.0,0.0,1,1.0,401.0,200.5,0,1
92,0,3,0,0.0,0.0,0.0,1.0,0.0,1.0,0.0,0.0,1.0,1.0,5.0,7.0,0.71,5.0,24.0,24.0,18.0,4.0,6.0,1.0,156.0,2.0,0.18,8.0,4.0,0.0,5.0,2.0,0.22,0.0,0.0,1,1.0,401.0,200.5,0,1
93,0,3,0,0.0,0.0,0.0,2.0,0.0,5.0,0.0,0.0,2.0,3.0,12.0,16.0,0.56,3.0,42.0,38.0,29.0,2.0,9.0,0.0,252.0,0.0,0.0,9.0,10.0,0.0,5.0,2.0,0.22,0.0,0.0,0,0.0,713.0,713.0,0,0
94,3,3,0,0.0,0.0,0.0,4.0,0.0,3.0,0.0,1.0,10.0,19.0,11.0,63.0,0.6,36.0,189.0,133.0,100.0,34.0,27.0,3.0,1306.0,5.0,0.34,60.0,27.0,0.0,21.0,7.0,0.33,2.0,0.0,4,4.0,688.0,344.0,1,1
95,3,3,3,0.0,0.0,0.0,5.0,0.0,2.0,0.0,3.0,9.0,15.0,11.0,54.0,0.59,23.0,123.0,96.0,148.0,6.0,11.0,3.0,972.0,9.0,0.38,82.0,28.0,0.0,14.0,7.0,0.5,0.0,0.0,6,6.0,226.25,226.25,1,1
96,3,3,1,0.0,0.0,0.0,1.0,0.0,0.0,0.0,3.0,7.0,16.0,11.0,17.0,0.53,7.0,34.0,33.0,30.0,5.0,6.0,1.0,358.0,3.0,0.0,6.0,9.0,1.0,43.0,22.0,0.51,12.0,0.0,4,4.0,102.0,204.0,1,1
97,3,3,7,0.0,0.0,0.0,3.0,0.0,1.0,0.0,9.0,8.0,9.0,11.0,15.0,0.67,7.0,93.0,106.0,160.0,23.0,45.0,6.0,650.0,6.0,0.32,17.0,22.0,0.0,53.0,20.0,0.38,9.0,0.0,15,15.0,128.6,183.71428571428572,2,2
98,3,3,1,0.0,0.0,0.0,3.0,0.0,6.0,0.0,2.0,8.0,17.0,11.0,81.0,0.62,54.0,216.0,159.0,159.0,41.0,47.0,1.0,1441.0,6.0,0.27,60.0,41.0,2.0,35.0,7.0,0.2,3.0,0.0,3,3.0,463.3333333333333,695.0,1,1
99,3,3,0,0.0,0.0,0.0,1.0,0.0,5.0,0.0,1.0,5.0,14.0,11.0,37.0,0.65,23.0,73.0,89.0,86.0,10.0,23.0,2.0,375.0,2.0,0.31,14.0,24.0,0.0,22.0,9.0,0.41,2.0,0.0,3,3.0,352.5,235.0,1,1
100,0,3,1,0.0,0.0,0.0,3.0,0.0,0.0,0.0,2.0,10.0,14.0,46.0,35.0,0.66,43.0,131.0,165.0,73.0,114.0,51.0,0.0,1398.0,1.0,0.0,71.0,4.0,2.0,5.0,2.0,0.22,0.0,0.0,2,2.0,510.0,1530.0,1,0
101,3,3,1,0.0,0.0,0.0,1.0,0.0,0.0,0.0,2.0,4.0,3.0,11.0,3.0,0.33,1.0,23.0,28.0,44.0,17.0,14.0,1.0,88.0,2.0,0.4,0.0,10.0,0.0,8.0,4.0,0.5,2.0,0.0,3,3.0,85.0,127.5,1,1
102,2,3,0,4.0,0.0,0.0,0.0,6.0,0.0,0.0,0.0,1.0,1.0,2.0,10.0,0.53,3.0,34.0,33.0,30.0,5.0,6.0,0.0,66.0,0.0,0.0,16.0,0.0,0.0,5.0,2.0,0.22,0.0,6.0,0,0.0,135.0,135.0,0,0
103,1,3,0,0.0,0.0,0.0,0.0,0.0,0.0,0.0,4.0,3.0,9.0,11.0,15.0,0.53,10.0,34.0,33.0,30.0,5.0,6.0,2.0,388.0,3.0,0.0,6.0,24.0,0.0,51.0,22.0,0.43,11.0,0.0,6,6.0,0.0,0.0,1,1
104,3,3,0,0.0,0.0,0.0,0.0,0.0,0.0,0.0,0.0,0.0,0.0,11.0,0.0,0.0,0.0,0.0,0.0,0.0,0.0,0.0,0.0,0.0,0.0,0.0,0.0,0.0,0.0,0.0,0.0,0.0,0.0,0.0,0,0.0,0.0,0.0,0,0
105,1,3,3,0.0,0.0,0.0,6.0,0.0,2.0,0.0,12.0,8.0,17.0,11.0,28.0,0.57,9.0,99.0,137.0,141.0,38.0,49.0,3.0,440.0,7.0,0.24,12.0,38.0,0.0,67.0,26.0,0.39,12.0,0.0,15,15.0,105.23076923076923,342.0,3,1
106,1,3,2,0.0,0.0,0.0,2.0,0.0,3.0,0.0,6.0,8.0,19.0,11.0,10.0,0.53,2.0,34.0,33.0,30.0,5.0,6.0,3.0,398.0,5.0,0.0,6.0,20.0,1.0,42.0,20.0,0.48,7.0,0.0,9,9.0,97.42857142857143,170.5,2,1
107,3,3,0,0.0,0.0,0.0,0.0,0.0,0.0,0.0,0.0,1.0,5.0,11.0,3.0,0.0,1.0,7.0,9.0,14.0,1.0,2.0,0.0,32.0,0.0,0.0,1.0,2.0,0.0,3.0,1.0,0.33,0.0,0.0,0,0.0,37.0,37.0,0,0
108,3,3,0,0.0,0.0,0.0,0.0,0.0,0.0,0.0,0.0,0.0,0.0,11.0,0.0,0.0,0.0,0.0,0.0,0.0,0.0,0.0,0.0,0.0,0.0,0.0,0.0,0.0,0.0,0.0,0.0,0.0,0.0,0.0,0,0.0,0.0,0.0,0,0
109,3,3,1,0.0,0.0,0.0,0.0,0.0,4.0,0.0,1.0,4.0,13.0,11.0,28.0,0.53,5.0,34.0,33.0,30.0,5.0,6.0,0.0,368.0,1.0,0.0,6.0,13.0,0.0,9.0,2.0,0.22,0.0,0.0,1,1.0,255.5,511.0,1,0
110,0,3,0,0.0,0.0,0.0,0.0,0.0,0.0,0.0,0.0,0.0,0.0,0.0,0.0,0.0,0.0,0.0,0.0,0.0,0.0,0.0,0.0,0.0,0.0,0.0,0.0,0.0,0.0,5.0,2.0,0.22,0.0,0.0,0,0.0,0.0,0.0,0,0
111,3,3,0,0.0,0.0,0.0,0.0,0.0,0.0,0.0,0.0,1.0,2.0,11.0,0.0,0.0,0.0,0.0,2.0,9.0,0.0,5.0,0.0,7.0,0.0,0.0,0.0,2.0,0.0,0.0,0.0,0.0,0.0,0.0,0,0.0,7.0,7.0,0,0
112,2,3,0,0.0,0.0,0.0,0.0,0.0,0.0,0.0,0.0,0.0,0.0,0.0,10.0,0.53,3.0,34.0,33.0,30.0,5.0,6.0,0.0,0.0,0.0,0.0,0.0,0.0,0.0,5.0,2.0,0.22,0.0,0.0,0,0.0,0.0,0.0,0,0
113,3,4,4,0.0,0.0,0.0,0.0,0.0,2.0,0.0,6.0,9.0,12.0,11.0,45.0,0.53,19.0,34.0,33.0,30.0,5.0,6.0,1.0,747.0,6.0,0.0,6.0,29.0,1.0,52.0,22.0,0.42,4.0,0.0,7,7.0,162.71428571428572,569.5,2,1
114,3,4,0,0.0,0.0,0.0,0.0,0.0,0.0,0.0,0.0,0.0,0.0,11.0,0.0,0.0,0.0,0.0,0.0,0.0,0.0,0.0,0.0,0.0,0.0,0.0,0.0,0.0,0.0,0.0,0.0,0.0,0.0,0.0,0,0.0,0.0,0.0,0,0
115,3,4,0,0.0,0.0,0.0,0.0,0.0,0.0,0.0,0.0,0.0,0.0,11.0,0.0,0.0,0.0,0.0,0.0,0.0,0.0,0.0,0.0,0.0,0.0,0.0,0.0,0.0,0.0,0.0,0.0,0.0,0.0,0.0,0,0.0,0.0,0.0,0,0
116,3,4,1,0.0,0.0,0.0,0.0,0.0,3.0,0.0,3.0,7.0,9.0,11.0,42.0,0.52,8.0,66.0,107.0,139.0,6.0,16.0,1.0,469.0,3.0,0.17,5.0,34.0,0.0,21.0,9.0,0.43,2.0,0.0,4,4.0,92.25,184.5,1,1
117,1,4,0,0.0,0.0,0.0,0.0,0.0,0.0,0.0,0.0,0.0,0.0,11.0,0.0,0.53,0.0,34.0,33.0,30.0,5.0,6.0,0.0,0.0,0.0,0.0,6.0,0.0,0.0,0.0,0.0,0.0,0.0,0.0,0,0.0,0.0,0.0,0,0
118,3,4,0,0.0,0.0,0.0,1.0,0.0,1.0,1.0,0.0,5.0,0.0,11.0,9.0,0.44,1.0,26.0,13.0,25.0,0.0,5.0,1.0,325.0,2.0,0.33,10.0,6.0,0.0,6.0,1.0,0.17,0.0,0.0,1,1.0,449.0,224.5,0,1
119,3,4,0,0.0,0.0,0.0,0.0,0.0,1.0,0.0,0.0,4.0,5.0,11.0,6.0,0.53,0.0,34.0,33.0,30.0,5.0,6.0,2.0,167.0,4.0,0.0,6.0,6.0,0.0,28.0,8.0,0.29,2.0,0.0,2,2.0,68.0,22.666666666666668,0,1
120,0,4,1,0.0,0.0,1.0,0.0,0.0,2.0,0.0,2.0,8.0,7.0,26.0,26.0,0.5,21.0,90.0,64.0,67.0,12.0,14.0,3.0,820.0,4.0,0.23,13.0,22.0,0.0,5.0,2.0,0.22,0.0,0.0,5,5.0,165.0,123.75,1,1
121,1,4,6,0.0,0.0,0.0,1.0,0.0,1.0,0.0,6.0,11.0,9.0,11.0,14.0,0.53,2.0,34.0,33.0,30.0,5.0,6.0,0.0,300.0,1.0,0.0,6.0,24.0,0.0,33.0,20.0,0.61,4.0,0.0,6,6.0,130.42857142857142,913.0,2,0
122,3,4,0,0.0,0.0,0.0,2.0,0.0,4.0,0.0,0.0,11.0,10.0,11.0,26.0,0.62,11.0,132.0,75.0,88.0,11.0,21.0,1.0,2065.0,3.0,0.32,64.0,22.0,0.0,25.0,5.0,0.2,0.0,0.0,1,1.0,1095.0,547.5,0,1
123,3,4,3,0.0,0.0,0.0,1.0,0.0,3.0,0.0,4.0,11.0,13.0,11.0,70.0,0.66,22.0,144.0,127.0,121.0,14.0,17.0,10.0,2927.0,11.0,0.37,98.0,23.0,0.0,55.0,20.0,0.36,9.0,0.0,14,14.0,274.2,124.63636363636364,1,2
124,3,4,0,0.0,0.0,0.0,1.0,0.0,1.0,0.0,0.0,7.0,8.0,11.0,8.0,0.38,3.0,22.0,25.0,44.0,3.0,5.0,1.0,499.0,2.0,0.29,3.0,8.0,0.0,11.0,2.0,0.18,0.0,0.0,1,1.0,479.0,239.5,0,1
125,0,4,0,0.0,0.0,0.0,0.0,0.0,2.0,0.0,0.0,7.0,8.0,20.0,21.0,0.67,6.0,32.0,49.0,38.0,4.0,9.0,3.0,371.0,1.0,0.29,7.0,11.0,0.0,5.0,2.0,0.22,0.0,0.0,3,3.0,171.0,42.75,0,1
126,0,4,0,0.0,0.0,0.0,0.0,0.0,2.0,0.0,0.0,7.0,8.0,20.0,21.0,0.67,6.0,32.0,49.0,38.0,4.0,9.0,3.0,371.0,1.0,0.29,7.0,11.0,0.0,5.0,2.0,0.22,0.0,0.0,3,3.0,171.0,42.75,0,1
127,2,4,0,0.0,0.0,0.0,0.0,0.0,0.0,0.0,0.0,0.0,0.0,0.0,10.0,0.53,3.0,34.0,33.0,30.0,5.0,6.0,0.0,0.0,0.0,0.0,0.0,0.0,0.0,5.0,2.0,0.22,0.0,0.0,0,0.0,0.0,0.0,0,0
128,3,4,3,0.0,0.0,0.0,0.0,0.0,4.0,0.0,3.0,7.0,6.0,11.0,13.0,0.53,5.0,34.0,33.0,30.0,5.0,6.0,4.0,597.0,6.0,0.0,6.0,14.0,1.0,34.0,15.0,0.44,6.0,0.0,7,7.0,330.0,264.0,1,1
129,3,4,0,0.0,0.0,0.0,0.0,0.0,0.0,0.0,0.0,6.0,6.0,11.0,19.0,0.53,2.0,40.0,33.0,33.0,3.0,5.0,0.0,289.0,2.0,0.0,3.0,8.0,0.0,11.0,3.0,0.27,1.0,0.0,0,0.0,26.0,26.0,0,0
130,3,4,0,0.0,0.0,0.0,0.0,0.0,0.0,0.0,0.0,6.0,6.0,11.0,19.0,0.53,2.0,40.0,33.0,33.0,3.0,5.0,0.0,289.0,2.0,0.0,3.0,8.0,0.0,11.0,3.0,0.27,1.0,0.0,0,0.0,26.0,26.0,0,0
131,2,4,0,0.0,0.0,0.0,0.0,0.0,0.0,0.0,0.0,0.0,0.0,0.0,10.0,0.53,3.0,34.0,33.0,30.0,5.0,6.0,0.0,0.0,0.0,0.0,0.0,0.0,0.0,5.0,2.0,0.22,0.0,0.0,0,0.0,0.0,0.0,0,0
132,2,4,0,0.0,0.0,0.0,0.0,0.0,0.0,0.0,0.0,0.0,0.0,0.0,10.0,0.53,3.0,34.0,33.0,30.0,5.0,6.0,0.0,0.0,0.0,0.0,0.0,0.0,0.0,5.0,2.0,0.22,0.0,0.0,0,0.0,0.0,0.0,0,0
133,1,4,0,0.0,0.0,0.0,0.0,0.0,0.0,0.0,0.0,0.0,0.0,11.0,0.0,0.53,0.0,34.0,33.0,30.0,5.0,6.0,0.0,0.0,0.0,0.0,6.0,0.0,0.0,0.0,0.0,0.0,0.0,0.0,0,0.0,0.0,0.0,0,0
134,0,4,0,0.0,0.0,0.0,0.0,0.0,2.0,0.0,0.0,9.0,9.0,38.0,47.0,0.55,30.0,130.0,135.0,71.0,66.0,34.0,0.0,2399.0,0.0,0.25,88.0,14.0,0.0,5.0,2.0,0.22,0.0,0.0,0,0.0,1018.0,1018.0,0,0
135,0,4,0,0.0,0.0,0.0,0.0,0.0,1.0,0.0,1.0,9.0,10.0,32.0,54.0,0.76,18.0,76.0,125.0,69.0,29.0,21.0,1.0,810.0,1.0,0.0,30.0,17.0,0.0,5.0,2.0,0.22,0.0,0.0,2,2.0,454.0,454.0,1,1
136,2,4,0,2.89,0.0,0.0,0.0,26.0,1.0,0.0,0.0,7.0,6.0,28.0,10.0,0.53,3.0,34.0,33.0,30.0,5.0,6.0,0.0,743.0,0.0,0.0,91.0,1.0,0.0,5.0,2.0,0.22,0.0,65.0,0,0.0,810.0,810.0,0,0
137,1,4,0,0.0,0.0,0.0,0.0,0.0,0.0,0.0,0.0,0.0,0.0,11.0,0.0,0.53,0.0,34.0,33.0,30.0,5.0,6.0,0.0,0.0,0.0,0.0,6.0,0.0,0.0,0.0,0.0,0.0,0.0,0.0,0,0.0,0.0,0.0,0,0
138,3,4,1,0.0,0.0,0.0,0.0,0.0,1.0,0.0,3.0,4.0,4.0,11.0,14.0,0.36,14.0,33.0,24.0,33.0,7.0,8.0,0.0,435.0,1.0,0.2,5.0,11.0,2.0,14.0,8.0,0.57,3.0,0.0,3,3.0,109.0,436.0,1,0
139,3,4,0,0.0,0.0,0.0,0.0,0.0,3.0,0.0,0.0,7.0,12.0,11.0,40.0,0.5,18.0,95.0,102.0,90.0,25.0,10.0,0.0,773.0,1.0,0.0,18.0,40.0,0.0,21.0,5.0,0.24,0.0,0.0,0,0.0,519.0,519.0,0,0
140,3,4,0,0.0,0.0,0.0,0.0,0.0,0.0,0.0,0.0,1.0,2.0,11.0,0.0,0.53,0.0,34.0,33.0,30.0,5.0,6.0,0.0,19.0,0.0,0.0,6.0,2.0,0.0,1.0,0.0,0.0,0.0,0.0,0,0.0,12.0,12.0,0,0
141,0,4,0,0.0,0.0,0.0,0.0,0.0,0.0,0.0,0.0,0.0,0.0,0.0,0.0,0.0,0.0,0.0,0.0,0.0,0.0,0.0,0.0,0.0,0.0,0.0,0.0,0.0,0.0,5.0,2.0,0.22,0.0,0.0,0,0.0,0.0,0.0,0,0
142,3,4,0,0.0,0.0,0.0,0.0,0.0,0.0,0.0,0.0,0.0,0.0,11.0,0.0,0.53,0.0,34.0,33.0,30.0,5.0,6.0,0.0,0.0,0.0,0.0,6.0,0.0,0.0,0.0,0.0,0.0,0.0,0.0,0,0.0,0.0,0.0,0,0
143,3,4,0,0.0,0.0,0.0,0.0,0.0,0.0,0.0,0.0,0.0,0.0,11.0,0.0,0.53,0.0,34.0,33.0,30.0,5.0,6.0,0.0,0.0,0.0,0.0,6.0,0.0,0.0,0.0,0.0,0.0,0.0,0.0,0,0.0,0.0,0.0,0,0
144,0,4,0,0.0,0.0,0.0,0.0,0.0,0.0,0.0,0.0,0.0,0.0,0.0,0.0,0.0,0.0,0.0,0.0,0.0,0.0,0.0,0.0,0.0,0.0,0.0,0.0,0.0,0.0,5.0,2.0,0.22,0.0,0.0,0,0.0,0.0,0.0,0,0
145,3,4,0,0.0,0.0,0.0,0.0,0.0,0.0,0.0,0.0,0.0,0.0,11.0,0.0,0.53,0.0,34.0,33.0,30.0,5.0,6.0,0.0,0.0,0.0,0.0,6.0,0.0,0.0,0.0,0.0,0.0,0.0,0.0,0,0.0,0.0,0.0,0,0
146,3,5,0,0.0,0.0,0.0,0.0,0.0,0.0,0.0,0.0,0.0,0.0,11.0,0.0,0.53,0.0,34.0,33.0,30.0,5.0,6.0,0.0,0.0,0.0,0.0,6.0,0.0,0.0,0.0,0.0,0.0,0.0,0.0,0,0.0,0.0,0.0,0,0
147,3,5,0,0.0,0.0,0.0,0.0,0.0,0.0,0.0,0.0,0.0,0.0,11.0,0.0,0.0,0.0,0.0,0.0,0.0,0.0,0.0,0.0,0.0,0.0,0.0,0.0,0.0,0.0,0.0,0.0,0.0,0.0,0.0,0,0.0,0.0,0.0,0,0
148,0,5,0,0.0,0.0,0.0,2.0,0.0,6.0,0.0,0.0,3.0,10.0,23.0,35.0,0.57,16.0,57.0,73.0,50.0,29.0,26.0,1.0,855.0,1.0,0.0,47.0,11.0,0.0,5.0,2.0,0.22,0.0,0.0,1,1.0,1128.0,564.0,0,1
149,3,5,3,0.0,0.0,0.0,2.0,0.0,2.0,0.0,4.0,5.0,21.0,11.0,61.0,0.57,34.0,124.0,126.0,101.0,36.0,33.0,2.0,1028.0,0.0,0.23,44.0,38.0,0.0,28.0,11.0,0.39,1.0,0.0,6,6.0,263.8,439.6666666666667,1,1
150,3,5,0,0.0,0.0,0.0,0.0,0.0,0.0,0.0,0.0,0.0,0.0,11.0,0.0,0.53,0.0,34.0,33.0,30.0,5.0,6.0,0.0,0.0,0.0,0.0,6.0,0.0,0.0,0.0,0.0,0.0,0.0,0.0,0,0.0,0.0,0.0,0,0
151,3,5,0,0.0,0.0,0.0,0.0,0.0,0.0,0.0,0.0,0.0,0.0,11.0,0.0,0.53,0.0,34.0,33.0,30.0,5.0,6.0,0.0,0.0,0.0,0.0,6.0,0.0,0.0,0.0,0.0,0.0,0.0,0.0,0,0.0,0.0,0.0,0,0
152,3,5,0,0.0,0.0,0.0,0.0,0.0,0.0,0.0,0.0,0.0,0.0,11.0,0.0,0.53,0.0,34.0,33.0,30.0,5.0,6.0,0.0,0.0,0.0,0.0,6.0,0.0,0.0,0.0,0.0,0.0,0.0,0.0,0,0.0,0.0,0.0,0,0
153,3,5,0,0.0,0.0,0.0,0.0,0.0,5.0,0.0,2.0,3.0,15.0,11.0,42.0,0.69,15.0,141.0,113.0,82.0,21.0,24.0,3.0,1341.0,3.0,0.38,35.0,24.0,0.0,16.0,5.0,0.31,0.0,0.0,5,5.0,281.3333333333333,211.0,1,1
154,0,5,0,0.0,0.0,0.0,0.0,0.0,0.0,0.0,0.0,0.0,0.0,0.0,0.0,0.0,0.0,0.0,0.0,0.0,0.0,0.0,0.0,0.0,0.0,0.0,0.0,0.0,0.0,5.0,2.0,0.22,0.0,0.0,0,0.0,0.0,0.0,0,0
155,0,5,0,0.0,0.0,0.0,0.0,0.0,1.0,0.0,0.0,1.0,3.0,8.0,4.0,0.5,6.0,26.0,12.0,21.0,4.0,9.0,0.0,217.0,0.0,0.0,6.0,8.0,0.0,5.0,2.0,0.22,0.0,0.0,0,0.0,105.0,105.0,0,0
156,1,5,3,0.0,0.0,0.0,2.0,0.0,0.0,1.0,5.0,4.0,13.0,11.0,19.0,0.53,3.0,34.0,33.0,30.0,5.0,6.0,3.0,452.0,1.0,0.0,6.0,24.0,0.0,34.0,17.0,0.5,6.0,0.0,8,8.0,119.66666666666667,179.5,1,1
157,2,5,0,0.0,0.0,0.0,0.0,0.0,0.0,0.0,0.0,0.0,0.0,0.0,10.0,0.53,3.0,34.0,33.0,30.0,5.0,6.0,0.0,0.0,0.0,0.0,0.0,0.0,0.0,5.0,2.0,0.22,0.0,0.0,0,0.0,0.0,0.0,0,0
158,0,5,0,0.0,0.0,0.0,0.0,0.0,0.0,0.0,0.0,0.0,0.0,0.0,0.0,0.0,0.0,0.0,0.0,0.0,0.0,0.0,0.0,0.0,0.0,0.0,0.0,0.0,0.0,5.0,2.0,0.22,0.0,0.0,0,0.0,0.0,0.0,0,0
159,2,5,0,0.0,0.0,0.0,0.0,0.0,0.0,0.0,0.0,2.0,4.0,16.0,10.0,0.53,3.0,34.0,33.0,30.0,5.0,6.0,0.0,526.0,0.0,0.0,106.0,0.0,0.0,5.0,2.0,0.22,0.0,64.0,0,0.0,0.0,0.0,0,0
160,0,5,0,0.0,0.0,1.0,2.0,0.0,2.0,0.0,3.0,4.0,22.0,71.0,39.0,0.51,35.0,140.0,182.0,120.0,127.0,68.0,4.0,1732.0,3.0,0.27,110.0,36.0,3.0,5.0,2.0,0.22,0.0,0.0,7,7.0,301.75,241.4,1,1
161,0,5,0,0.0,0.0,1.0,2.0,0.0,2.0,0.0,3.0,4.0,22.0,71.0,39.0,0.51,35.0,140.0,182.0,120.0,127.0,68.0,4.0,1732.0,3.0,0.27,110.0,36.0,3.0,5.0,2.0,0.22,0.0,0.0,7,7.0,301.75,241.4,1,1
162,1,5,0,0.0,0.0,0.0,0.0,0.0,0.0,0.0,0.0,1.0,1.0,11.0,0.0,0.53,0.0,34.0,33.0,30.0,5.0,6.0,0.0,5.0,0.0,0.0,6.0,0.0,0.0,2.0,0.0,0.0,0.0,0.0,0,0.0,19.0,19.0,0,0
163,0,5,0,0.0,0.0,0.0,0.0,0.0,0.0,0.0,0.0,0.0,0.0,0.0,0.0,0.0,0.0,0.0,0.0,0.0,0.0,0.0,0.0,0.0,0.0,0.0,0.0,0.0,0.0,5.0,2.0,0.22,0.0,0.0,0,0.0,0.0,0.0,0,0
164,3,5,0,0.0,0.0,0.0,0.0,0.0,0.0,0.0,0.0,0.0,0.0,11.0,0.0,0.0,0.0,0.0,0.0,0.0,0.0,0.0,0.0,0.0,0.0,0.0,0.0,0.0,0.0,0.0,0.0,0.0,0.0,0.0,0,0.0,0.0,0.0,0,0
165,2,5,0,0.0,0.0,0.0,0.0,0.0,0.0,0.0,0.0,0.0,0.0,0.0,10.0,0.53,3.0,34.0,33.0,30.0,5.0,6.0,0.0,0.0,0.0,0.0,0.0,0.0,0.0,5.0,2.0,0.22,0.0,0.0,0,0.0,0.0,0.0,0,0
166,1,5,0,0.0,0.0,0.0,0.0,0.0,0.0,0.0,0.0,0.0,0.0,11.0,0.0,0.53,0.0,34.0,33.0,30.0,5.0,6.0,0.0,0.0,0.0,0.0,6.0,0.0,0.0,0.0,0.0,0.0,0.0,0.0,0,0.0,0.0,0.0,0,0
167,3,5,0,0.0,0.0,0.0,0.0,0.0,0.0,1.0,0.0,0.0,5.0,11.0,1.0,0.53,0.0,34.0,33.0,30.0,5.0,6.0,0.0,59.0,0.0,0.0,6.0,4.0,0.0,3.0,1.0,0.33,0.0,0.0,0,0.0,135.0,135.0,0,0
168,3,5,1,0.0,0.0,0.0,2.0,0.0,3.0,0.0,1.0,5.0,24.0,11.0,76.0,0.61,23.0,202.0,179.0,150.0,65.0,49.0,2.0,1547.0,5.0,0.08,83.0,40.0,0.0,25.0,3.0,0.12,2.0,0.0,3,3.0,663.5,442.3333333333333,1,1
169,1,5,2,0.0,0.0,0.0,4.0,0.0,1.0,0.0,5.0,5.0,23.0,11.0,27.0,0.53,9.0,34.0,33.0,30.0,5.0,6.0,1.0,488.0,2.0,0.0,6.0,22.0,0.0,49.0,22.0,0.45,6.0,0.0,6,6.0,204.66666666666666,614.0,1,1
170,2,5,0,3.83,0.0,0.0,2.0,69.0,1.0,0.0,0.0,3.0,20.0,62.0,10.0,0.53,3.0,34.0,33.0,30.0,5.0,6.0,0.0,1368.0,0.0,0.0,182.0,0.0,0.0,5.0,2.0,0.22,0.0,106.0,0,0.0,1620.0,1620.0,0,0
171,3,5,1,0.0,0.0,0.0,3.0,0.0,0.0,0.0,1.0,2.0,12.0,11.0,7.0,0.53,2.0,34.0,33.0,30.0,5.0,6.0,1.0,246.0,2.0,0.0,6.0,18.0,0.0,23.0,5.0,0.22,3.0,0.0,2,2.0,486.0,486.0,1,1
172,3,5,2,0.0,0.0,0.0,1.0,0.0,0.0,0.0,6.0,5.0,20.0,11.0,9.0,0.53,7.0,34.0,33.0,30.0,5.0,6.0,0.0,457.0,1.0,0.0,6.0,13.0,0.0,44.0,16.0,0.36,4.0,0.0,6,6.0,63.0,441.0,2,0
173,0,5,0,0.0,0.0,0.0,0.0,0.0,0.0,0.0,0.0,0.0,0.0,0.0,0.0,0.0,0.0,0.0,0.0,0.0,0.0,0.0,0.0,0.0,0.0,0.0,0.0,0.0,0.0,5.0,2.0,0.22,0.0,0.0,0,0.0,0.0,0.0,0,0
174,3,5,3,0.0,0.0,0.0,1.0,0.0,2.0,0.0,3.0,3.0,18.0,11.0,17.0,0.53,6.0,34.0,33.0,30.0,5.0,6.0,2.0,545.0,7.0,0.0,6.0,9.0,0.0,49.0,14.0,0.29,2.0,0.0,5,5.0,100.75,134.33333333333334,1,1
175,0,5,0,0.0,0.0,0.0,0.0,0.0,1.0,0.0,0.0,2.0,8.0,25.0,10.0,0.6,9.0,29.0,21.0,21.0,8.0,10.0,0.0,318.0,0.0,0.4,12.0,6.0,0.0,5.0,2.0,0.22,0.0,0.0,0,0.0,309.0,309.0,0,0
176,3,5,0,0.0,0.0,0.0,0.0,0.0,0.0,0.0,0.0,0.0,2.0,0.0,1.0,1.0,0.0,1.0,1.0,1.0,0.0,1.0,0.0,9.0,0.0,0.0,0.0,0.0,0.0,5.0,2.0,0.22,0.0,0.0,0,0.0,0.0,0.0,0,0
177,3,5,0,0.0,0.0,0.0,0.0,0.0,0.0,0.0,0.0,0.0,2.0,0.0,1.0,1.0,0.0,1.0,1.0,1.0,0.0,1.0,0.0,9.0,0.0,0.0,0.0,0.0,0.0,5.0,2.0,0.22,0.0,0.0,0,0.0,0.0,0.0,0,0
178,3,5,0,0.0,0.0,0.0,0.0,0.0,0.0,0.0,0.0,2.0,10.0,11.0,10.0,0.53,1.0,34.0,33.0,30.0,5.0,6.0,0.0,146.0,1.0,0.0,6.0,0.0,0.0,5.0,0.0,0.0,1.0,0.0,0,0.0,314.0,314.0,0,0
179,2,6,0,3.33,1.0,0.0,3.0,53.0,2.0,0.0,0.0,5.0,7.0,25.0,10.0,0.53,3.0,34.0,33.0,30.0,5.0,6.0,0.0,520.0,0.0,0.0,85.0,0.0,0.0,5.0,2.0,0.22,0.0,53.0,0,0.0,1433.0,1433.0,0,0
180,0,6,0,0.0,0.0,0.0,0.0,0.0,0.0,0.0,0.0,0.0,0.0,0.0,0.0,0.0,0.0,0.0,0.0,0.0,0.0,0.0,0.0,0.0,0.0,0.0,0.0,0.0,0.0,5.0,2.0,0.22,0.0,0.0,0,0.0,0.0,0.0,0,0
181,1,6,0,0.0,0.0,0.0,0.0,0.0,0.0,0.0,0.0,0.0,0.0,11.0,0.0,0.53,0.0,34.0,33.0,30.0,5.0,6.0,0.0,0.0,0.0,0.0,6.0,0.0,0.0,0.0,0.0,0.0,0.0,0.0,0,0.0,0.0,0.0,0,0
182,0,6,0,0.0,0.0,0.0,0.0,0.0,0.0,0.0,0.0,0.0,0.0,0.0,0.0,0.0,0.0,0.0,0.0,0.0,0.0,0.0,0.0,0.0,0.0,0.0,0.0,0.0,0.0,5.0,2.0,0.22,0.0,0.0,0,0.0,0.0,0.0,0,0
183,0,6,0,0.0,0.0,0.0,1.0,0.0,1.0,0.0,0.0,9.0,6.0,31.0,21.0,0.71,18.0,82.0,55.0,48.0,28.0,22.0,1.0,1165.0,2.0,0.0,36.0,17.0,0.0,5.0,2.0,0.22,0.0,0.0,1,1.0,370.0,185.0,0,1
184,1,6,1,0.0,0.0,0.0,1.0,0.0,0.0,0.0,1.0,10.0,8.0,11.0,3.0,0.53,0.0,34.0,33.0,30.0,5.0,6.0,1.0,119.0,1.0,0.0,6.0,9.0,0.0,13.0,2.0,0.15,2.0,0.0,2,2.0,151.5,151.5,1,1
185,0,6,0,0.0,0.0,0.0,0.0,0.0,0.0,0.0,1.0,8.0,1.0,14.0,16.0,0.75,8.0,46.0,39.0,34.0,19.0,23.0,0.0,760.0,0.0,0.0,24.0,3.0,1.0,5.0,2.0,0.22,0.0,0.0,1,1.0,0.0,0.0,1,0
186,3,6,1,0.0,0.0,0.0,0.0,0.0,2.0,0.0,1.0,4.0,3.0,11.0,6.0,0.67,0.0,11.0,11.0,22.0,1.0,3.0,1.0,133.0,0.0,0.0,1.0,3.0,0.0,3.0,2.0,0.67,0.0,0.0,2,2.0,62.5,62.5,1,1
187,0,6,1,0.0,0.0,0.0,4.0,0.0,2.0,0.0,1.0,10.0,8.0,26.0,48.0,0.63,26.0,96.0,114.0,61.0,44.0,20.0,1.0,1053.0,3.0,0.0,43.0,25.0,1.0,5.0,2.0,0.22,0.0,0.0,2,2.0,680.0,680.0,1,1
188,3,6,2,0.0,0.0,0.0,4.0,0.0,4.0,0.0,3.0,11.0,9.0,11.0,50.0,0.44,17.0,122.0,125.0,135.0,21.0,23.0,2.0,1795.0,5.0,0.2,129.0,33.0,1.0,47.0,16.0,0.34,6.0,0.0,5,5.0,313.25,417.6666666666667,1,1
189,1,6,0,0.0,0.0,0.0,0.0,0.0,0.0,0.0,4.0,2.0,8.0,11.0,10.0,0.53,1.0,34.0,33.0,30.0,5.0,6.0,1.0,168.0,3.0,0.0,6.0,17.0,1.0,19.0,10.0,0.53,5.0,0.0,5,5.0,0.0,0.0,1,1
190,3,6,0,0.0,0.0,0.0,4.0,0.0,3.0,1.0,5.0,18.0,10.0,11.0,85.0,0.61,43.0,221.0,212.0,210.0,25.0,28.0,7.0,1930.0,11.0,0.28,54.0,83.0,0.0,48.0,18.0,0.38,5.0,0.0,12,12.0,236.16666666666666,177.125,1,2
191,0,6,0,0.0,0.0,0.0,2.0,0.0,2.0,1.0,0.0,14.0,6.0,27.0,55.0,0.49,17.0,126.0,110.0,89.0,8.0,19.0,6.0,1218.0,8.0,0.27,30.0,22.0,0.0,5.0,2.0,0.22,0.0,0.0,6,6.0,618.0,88.28571428571429,0,2
192,0,6,0,0.0,0.0,0.0,0.0,0.0,0.0,1.0,0.0,3.0,4.0,11.0,14.0,0.64,3.0,28.0,36.0,21.0,8.0,5.0,2.0,267.0,7.0,0.25,14.0,4.0,0.0,5.0,2.0,0.22,0.0,0.0,2,2.0,386.0,128.66666666666666,0,1
193,3,6,0,0.0,0.0,0.0,0.0,0.0,0.0,0.0,5.0,12.0,7.0,11.0,16.0,0.53,4.0,34.0,33.0,30.0,5.0,6.0,2.0,454.0,2.0,0.0,6.0,8.0,1.0,32.0,13.0,0.41,0.0,0.0,7,7.0,21.5,43.0,1,1
194,3,6,0,0.0,0.0,0.0,0.0,0.0,0.0,0.0,5.0,12.0,7.0,11.0,16.0,0.53,4.0,34.0,33.0,30.0,5.0,6.0,2.0,454.0,2.0,0.0,6.0,8.0,1.0,32.0,13.0,0.41,0.0,0.0,7,7.0,21.5,43.0,1,1
195,3,6,2,0.0,0.0,0.0,4.0,0.0,3.0,0.0,5.0,13.0,10.0,11.0,21.0,0.57,9.0,50.0,94.0,110.0,7.0,14.0,2.0,477.0,6.0,0.19,14.0,22.0,0.0,35.0,12.0,0.34,4.0,0.0,7,7.0,121.66666666666667,243.33333333333334,1,1
196,1,6,1,0.0,0.0,0.0,0.0,0.0,0.0,0.0,3.0,7.0,3.0,11.0,5.0,0.53,2.0,34.0,33.0,30.0,5.0,6.0,0.0,177.0,0.0,0.0,6.0,8.0,1.0,16.0,9.0,0.56,3.0,0.0,3,3.0,8.0,32.0,1,0
197,3,6,0,0.0,0.0,0.0,0.0,0.0,0.0,0.0,0.0,0.0,0.0,11.0,0.0,0.0,0.0,0.0,0.0,0.0,0.0,0.0,0.0,0.0,0.0,0.0,0.0,0.0,0.0,0.0,0.0,0.0,0.0,0.0,0,0.0,0.0,0.0,0,0
198,0,6,0,0.0,0.0,0.0,0.0,0.0,0.0,0.0,0.0,0.0,0.0,0.0,0.0,0.0,0.0,0.0,0.0,0.0,0.0,0.0,0.0,0.0,0.0,0.0,0.0,0.0,0.0,5.0,2.0,0.22,0.0,0.0,0,0.0,0.0,0.0,0,0
199,3,6,5,0.0,0.0,0.0,3.0,0.0,5.0,0.0,8.0,13.0,11.0,11.0,21.0,0.53,13.0,34.0,33.0,30.0,5.0,6.0,4.0,658.0,7.0,0.0,6.0,34.0,0.0,51.0,22.0,0.43,11.0,0.0,12,12.0,157.66666666666666,283.8,2,1
200,3,6,0,0.0,0.0,0.0,0.0,0.0,0.0,0.0,0.0,0.0,0.0,11.0,0.0,0.0,0.0,0.0,0.0,0.0,0.0,0.0,0.0,0.0,0.0,0.0,0.0,0.0,0.0,0.0,0.0,0.0,0.0,0.0,0,0.0,0.0,0.0,0,0
201,3,6,6,0.0,0.0,0.0,2.0,0.0,5.0,0.0,22.0,17.0,9.0,11.0,23.0,0.52,20.0,105.0,102.0,128.0,1.0,4.0,11.0,1307.0,17.0,0.2,69.0,24.0,2.0,109.0,46.0,0.42,7.0,0.0,33,33.0,46.08695652173913,88.33333333333333,5,3
202,3,6,0,0.0,0.0,0.0,0.0,0.0,1.0,0.0,0.0,6.0,4.0,5.0,3.0,0.67,3.0,11.0,7.0,25.0,3.0,5.0,0.0,119.0,0.0,0.25,2.0,5.0,0.0,5.0,2.0,0.22,0.0,0.0,0,0.0,143.0,143.0,0,0
203,0,6,1,0.0,0.0,0.0,4.0,0.0,2.0,0.0,2.0,13.0,10.0,50.0,33.0,0.58,18.0,150.0,134.0,71.0,73.0,33.0,0.0,2198.0,0.0,0.1,45.0,17.0,1.0,5.0,2.0,0.22,0.0,0.0,2,2.0,472.0,1416.0,1,0
204,3,6,0,0.0,0.0,0.0,1.0,0.0,2.0,0.0,0.0,5.0,4.0,11.0,14.0,0.71,1.0,12.0,28.0,15.0,9.0,2.0,0.0,183.0,0.0,0.0,5.0,4.0,0.0,0.0,0.0,0.0,0.0,0.0,0,0.0,269.0,269.0,0,0
205,2,6,0,0.0,0.0,0.0,0.0,0.0,0.0,0.0,0.0,0.0,0.0,0.0,10.0,0.53,3.0,34.0,33.0,30.0,5.0,6.0,0.0,0.0,0.0,0.0,0.0,0.0,0.0,5.0,2.0,0.22,0.0,0.0,0,0.0,0.0,0.0,0,0
206,3,6,0,0.0,0.0,0.0,0.0,0.0,0.0,0.0,0.0,1.0,0.0,11.0,1.0,0.0,0.0,0.0,2.0,1.0,0.0,0.0,0.0,27.0,0.0,0.0,0.0,1.0,0.0,0.0,0.0,0.0,0.0,0.0,0,0.0,0.0,0.0,0,0
207,0,6,0,0.0,0.0,0.0,0.0,0.0,0.0,0.0,0.0,0.0,0.0,0.0,0.0,0.0,0.0,0.0,0.0,0.0,0.0,0.0,0.0,0.0,0.0,0.0,0.0,0.0,0.0,5.0,2.0,0.22,0.0,0.0,0,0.0,0.0,0.0,0,0
208,2,6,0,0.0,0.0,0.0,0.0,0.0,0.0,0.0,0.0,0.0,0.0,0.0,10.0,0.53,3.0,34.0,33.0,30.0,5.0,6.0,0.0,0.0,0.0,0.0,0.0,0.0,0.0,5.0,2.0,0.22,0.0,0.0,0,0.0,0.0,0.0,0,0
209,2,6,0,2.42,0.0,0.0,1.0,5.0,0.0,0.0,0.0,13.0,5.0,38.0,10.0,0.53,3.0,34.0,33.0,30.0,5.0,6.0,0.0,707.0,0.0,0.0,93.0,0.0,0.0,5.0,2.0,0.22,0.0,75.0,0,0.0,186.0,186.0,0,0
210,0,6,0,0.0,0.0,0.0,0.0,0.0,0.0,0.0,1.0,8.0,2.0,6.0,4.0,0.0,3.0,9.0,7.0,13.0,2.0,4.0,0.0,123.0,0.0,0.0,1.0,4.0,0.0,5.0,2.0,0.22,0.0,0.0,1,1.0,0.0,0.0,1,0
211,1,6,0,0.0,0.0,0.0,0.0,0.0,0.0,0.0,0.0,0.0,0.0,11.0,0.0,0.53,0.0,34.0,33.0,30.0,5.0,6.0,0.0,0.0,0.0,0.0,6.0,0.0,0.0,0.0,0.0,0.0,0.0,0.0,0,0.0,0.0,0.0,0,0
212,3,6,0,0.0,0.0,0.0,0.0,0.0,0.0,0.0,0.0,1.0,0.0,11.0,0.0,0.53,0.0,34.0,33.0,30.0,5.0,6.0,0.0,0.0,0.0,0.0,6.0,0.0,0.0,0.0,0.0,0.0,0.0,0.0,0,0.0,1.0,1.0,0,0
213,0,6,0,0.0,0.0,0.0,0.0,0.0,0.0,0.0,0.0,0.0,0.0,0.0,0.0,0.0,0.0,0.0,0.0,0.0,0.0,0.0,0.0,0.0,0.0,0.0,0.0,0.0,0.0,5.0,2.0,0.22,0.0,0.0,0,0.0,0.0,0.0,0,0
214,3,6,0,0.0,0.0,0.0,0.0,0.0,0.0,0.0,0.0,0.0,0.0,11.0,0.0,0.0,0.0,0.0,0.0,0.0,0.0,0.0,0.0,0.0,0.0,0.0,0.0,0.0,0.0,0.0,0.0,0.0,0.0,0.0,0,0.0,0.0,0.0,0,0
215,3,7,0,0.0,0.0,0.0,0.0,0.0,1.0,0.0,0.0,4.0,11.0,11.0,13.0,0.69,2.0,30.0,29.0,37.0,4.0,3.0,0.0,179.0,0.0,0.0,8.0,9.0,0.0,9.0,2.0,0.22,0.0,0.0,0,0.0,123.0,123.0,0,0
216,0,7,2,0.0,0.0,0.0,5.0,0.0,4.0,0.0,2.0,13.0,15.0,58.0,56.0,0.63,40.0,193.0,181.0,107.0,90.0,47.0,3.0,2151.0,4.0,0.32,202.0,43.0,0.0,5.0,2.0,0.22,0.0,0.0,5,5.0,540.0,405.0,1,1
217,3,7,2,0.0,0.0,0.0,6.0,0.0,4.0,1.0,4.0,12.0,14.0,11.0,65.0,0.53,16.0,34.0,33.0,30.0,5.0,6.0,7.0,811.0,7.0,0.0,6.0,46.0,1.0,48.0,20.0,0.42,4.0,0.0,11,11.0,275.6,172.25,1,2
218,0,7,0,0.0,0.0,0.0,1.0,0.0,0.0,0.0,0.0,8.0,6.0,16.0,24.0,0.63,10.0,50.0,48.0,27.0,13.0,8.0,0.0,533.0,0.0,0.22,26.0,6.0,0.0,5.0,2.0,0.22,0.0,0.0,0,0.0,461.0,461.0,0,0
219,3,7,0,0.0,0.0,0.0,3.0,0.0,2.0,0.0,0.0,4.0,5.0,11.0,34.0,0.5,20.0,74.0,50.0,42.0,5.0,9.0,0.0,421.0,1.0,0.0,8.0,10.0,0.0,6.0,2.0,0.33,0.0,0.0,0,0.0,920.0,920.0,0,0
220,3,7,0,0.0,0.0,0.0,0.0,0.0,0.0,0.0,0.0,0.0,0.0,11.0,0.0,0.53,0.0,34.0,33.0,30.0,5.0,6.0,0.0,0.0,0.0,0.0,6.0,0.0,0.0,0.0,0.0,0.0,0.0,0.0,0,0.0,0.0,0.0,0,0
221,3,7,2,0.0,0.0,0.0,3.0,0.0,2.0,0.0,11.0,12.0,9.0,11.0,35.0,0.49,11.0,136.0,164.0,176.0,12.0,24.0,4.0,790.0,7.0,0.33,27.0,27.0,0.0,83.0,34.0,0.41,4.0,0.0,15,15.0,68.16666666666667,163.6,3,1
222,2,7,0,0.0,0.0,0.0,0.0,0.0,0.0,0.0,0.0,0.0,0.0,0.0,10.0,0.53,3.0,34.0,33.0,30.0,5.0,6.0,0.0,0.0,0.0,0.0,0.0,0.0,0.0,5.0,2.0,0.22,0.0,0.0,0,0.0,0.0,0.0,0,0
223,0,7,0,0.0,0.0,0.0,5.0,0.0,1.0,0.0,0.0,9.0,10.0,32.0,28.0,0.68,18.0,120.0,90.0,59.0,29.0,29.0,1.0,1299.0,1.0,0.0,85.0,14.0,0.0,5.0,2.0,0.22,0.0,0.0,1,1.0,1530.0,765.0,0,1
224,1,7,2,0.0,0.0,0.0,2.0,0.0,2.0,0.0,16.0,11.0,14.0,11.0,22.0,0.53,4.0,34.0,33.0,30.0,5.0,6.0,5.0,413.0,5.0,0.0,6.0,35.0,1.0,46.0,29.0,0.63,7.0,0.0,21,21.0,36.64705882352941,103.83333333333333,4,1
225,2,7,0,0.0,0.0,0.0,0.0,0.0,0.0,0.0,0.0,0.0,1.0,1.0,10.0,0.53,3.0,34.0,33.0,30.0,5.0,6.0,0.0,5.0,0.0,0.0,0.0,0.0,0.0,5.0,2.0,0.22,0.0,0.0,0,0.0,3.0,3.0,0,0
226,2,7,0,0.0,0.0,0.0,0.0,0.0,0.0,0.0,0.0,0.0,1.0,1.0,10.0,0.53,3.0,34.0,33.0,30.0,5.0,6.0,0.0,5.0,0.0,0.0,0.0,0.0,0.0,5.0,2.0,0.22,0.0,0.0,0,0.0,3.0,3.0,0,0
227,0,7,1,0.0,0.0,0.0,5.0,0.0,3.0,0.0,2.0,13.0,14.0,55.0,105.0,0.57,25.0,208.0,160.0,108.0,21.0,26.0,3.0,1205.0,5.0,0.25,35.0,22.0,0.0,5.0,2.0,0.22,0.0,0.0,5,5.0,482.3333333333333,361.75,1,1
228,0,7,0,0.0,0.0,0.0,0.0,0.0,0.0,0.0,0.0,0.0,0.0,0.0,0.0,0.0,0.0,0.0,0.0,0.0,0.0,0.0,0.0,0.0,0.0,0.0,0.0,0.0,0.0,5.0,2.0,0.22,0.0,0.0,0,0.0,0.0,0.0,0,0
229,3,7,2,0.0,0.0,0.0,0.0,0.0,0.0,0.0,10.0,8.0,7.0,11.0,19.0,0.53,11.0,68.0,109.0,110.0,7.0,15.0,6.0,609.0,9.0,0.26,25.0,13.0,1.0,57.0,21.0,0.37,3.0,0.0,16,16.0,45.0,70.71428571428571,2,2
230,1,7,0,0.0,0.0,0.0,0.0,0.0,0.0,0.0,0.0,0.0,0.0,11.0,0.0,0.53,0.0,34.0,33.0,30.0,5.0,6.0,0.0,0.0,0.0,0.0,6.0,0.0,0.0,0.0,0.0,0.0,0.0,0.0,0,0.0,0.0,0.0,0,0
231,3,7,0,0.0,0.0,0.0,1.0,0.0,0.0,0.0,0.0,6.0,0.0,11.0,9.0,0.33,2.0,14.0,15.0,11.0,3.0,2.0,0.0,108.0,0.0,0.0,4.0,3.0,0.0,1.0,0.0,0.0,0.0,0.0,0,0.0,174.0,174.0,0,0
232,2,7,0,0.0,0.0,0.0,0.0,0.0,0.0,0.0,0.0,0.0,0.0,0.0,10.0,0.53,3.0,34.0,33.0,30.0,5.0,6.0,0.0,0.0,0.0,0.0,0.0,0.0,0.0,5.0,2.0,0.22,0.0,0.0,0,0.0,0.0,0.0,0,0
233,2,7,0,6.0,0.0,0.0,0.0,12.0,1.0,0.0,0.0,8.0,6.0,30.0,10.0,0.53,3.0,34.0,33.0,30.0,5.0,6.0,0.0,430.0,0.0,0.0,65.0,0.0,0.0,5.0,2.0,0.22,0.0,58.0,0,0.0,180.0,180.0,0,0
234,3,7,0,0.0,0.0,0.0,1.0,0.0,0.0,0.0,0.0,0.0,4.0,11.0,4.0,0.25,3.0,6.0,15.0,11.0,3.0,1.0,0.0,47.0,0.0,0.0,1.0,1.0,0.0,5.0,1.0,0.2,0.0,0.0,0,0.0,132.0,132.0,0,0
235,1,7,0,0.0,0.0,0.0,0.0,0.0,0.0,0.0,0.0,0.0,0.0,11.0,0.0,0.53,0.0,34.0,33.0,30.0,5.0,6.0,0.0,0.0,0.0,0.0,6.0,0.0,0.0,0.0,0.0,0.0,0.0,0.0,0,0.0,0.0,0.0,0,0
236,1,7,0,0.0,0.0,0.0,0.0,0.0,0.0,0.0,0.0,0.0,0.0,11.0,0.0,0.53,0.0,34.0,33.0,30.0,5.0,6.0,0.0,0.0,0.0,0.0,6.0,0.0,0.0,0.0,0.0,0.0,0.0,0.0,0,0.0,0.0,0.0,0,0
237,3,7,0,0.0,0.0,0.0,0.0,0.0,1.0,0.0,0.0,2.0,4.0,11.0,10.0,0.6,0.0,8.0,14.0,14.0,3.0,5.0,0.0,51.0,0.0,0.0,0.0,2.0,0.0,0.0,0.0,0.0,0.0,0.0,0,0.0,91.0,91.0,0,0
238,3,7,0,0.0,0.0,0.0,0.0,0.0,0.0,0.0,0.0,0.0,0.0,11.0,0.0,0.0,0.0,0.0,0.0,0.0,0.0,0.0,0.0,0.0,0.0,0.0,0.0,0.0,0.0,0.0,0.0,0.0,0.0,0.0,0,0.0,0.0,0.0,0,0
239,0,7,0,0.0,0.0,0.0,0.0,0.0,0.0,0.0,0.0,0.0,0.0,0.0,0.0,0.0,0.0,0.0,0.0,0.0,0.0,0.0,0.0,0.0,0.0,0.0,0.0,0.0,0.0,5.0,2.0,0.22,0.0,0.0,0,0.0,0.0,0.0,0,0
240,0,8,0,0.0,0.0,0.0,5.0,0.0,5.0,0.0,3.0,12.0,14.0,44.0,66.0,0.48,50.0,181.0,184.0,88.0,95.0,45.0,0.0,1371.0,1.0,1.0,73.0,25.0,1.0,5.0,2.0,0.22,0.0,0.0,3,3.0,337.5,1350.0,1,0
241,3,8,0,0.0,0.0,0.0,0.0,0.0,0.0,0.0,0.0,0.0,0.0,11.0,0.0,0.0,0.0,0.0,0.0,0.0,0.0,0.0,0.0,0.0,0.0,0.0,0.0,0.0,0.0,0.0,0.0,0.0,0.0,0.0,0,0.0,0.0,0.0,0,0
242,3,8,1,0.0,0.0,0.0,5.0,0.0,3.0,0.0,1.0,12.0,16.0,11.0,83.0,0.53,45.0,172.0,169.0,134.0,25.0,24.0,2.0,1111.0,7.0,0.22,46.0,39.0,0.0,41.0,11.0,0.27,1.0,0.0,3,3.0,713.0,475.3333333333333,1,1
243,3,8,0,0.0,0.0,0.0,0.0,0.0,0.0,0.0,0.0,0.0,0.0,11.0,0.0,0.0,0.0,0.0,0.0,0.0,0.0,0.0,0.0,0.0,0.0,0.0,0.0,0.0,0.0,0.0,0.0,0.0,0.0,0.0,0,0.0,0.0,0.0,0,0
244,3,8,0,0.0,0.0,0.0,0.0,0.0,0.0,0.0,0.0,0.0,0.0,11.0,0.0,0.0,0.0,0.0,0.0,0.0,0.0,0.0,0.0,0.0,0.0,0.0,0.0,0.0,0.0,0.0,0.0,0.0,0.0,0.0,0,0.0,0.0,0.0,0,0
245,0,8,0,0.0,0.0,0.0,1.0,0.0,0.0,0.0,0.0,3.0,5.0,13.0,30.0,0.67,16.0,45.0,66.0,60.0,26.0,25.0,0.0,342.0,0.0,0.19,10.0,8.0,0.0,5.0,2.0,0.22,0.0,0.0,0,0.0,91.0,91.0,0,0
246,3,8,1,0.0,0.0,0.0,2.0,0.0,6.0,0.0,4.0,9.0,9.0,11.0,73.0,0.6,28.0,174.0,128.0,91.0,15.0,9.0,0.0,880.0,1.0,0.09,22.0,35.0,0.0,26.0,7.0,0.27,0.0,0.0,4,4.0,202.6,1013.0,1,0
247,3,8,2,0.0,0.0,0.0,6.0,0.0,0.0,0.0,3.0,13.0,13.0,11.0,44.0,0.53,22.0,34.0,33.0,30.0,5.0,6.0,6.0,1001.0,17.0,0.0,6.0,18.0,0.0,57.0,15.0,0.26,3.0,0.0,9,9.0,300.5,171.71428571428572,1,2
248,0,8,2,0.0,0.0,0.0,5.0,0.0,1.0,0.0,2.0,10.0,11.0,37.0,69.0,0.55,36.0,142.0,126.0,97.0,30.0,27.0,0.0,882.0,2.0,0.23,54.0,23.0,1.0,5.0,2.0,0.22,0.0,0.0,2,2.0,389.0,1167.0,1,0
249,3,8,1,0.0,0.0,0.0,3.0,0.0,2.0,0.0,2.0,9.0,15.0,11.0,71.0,0.54,21.0,160.0,180.0,93.0,53.0,19.0,0.0,1023.0,4.0,0.33,61.0,37.0,2.0,29.0,6.0,0.21,1.0,0.0,2,2.0,377.6666666666667,1133.0,1,0
250,1,8,0,0.0,0.0,0.0,0.0,0.0,0.0,0.0,0.0,0.0,0.0,11.0,0.0,0.53,0.0,34.0,33.0,30.0,5.0,6.0,0.0,0.0,0.0,0.0,6.0,0.0,0.0,0.0,0.0,0.0,0.0,0.0,0,0.0,0.0,0.0,0,0
251,0,8,1,0.0,0.0,0.0,6.0,0.0,2.0,0.0,1.0,13.0,16.0,51.0,61.0,0.69,56.0,186.0,242.0,147.0,145.0,62.0,1.0,1525.0,5.0,0.5,159.0,45.0,1.0,5.0,2.0,0.22,0.0,0.0,2,2.0,810.0,810.0,1,1
252,2,8,0,0.0,0.0,0.0,0.0,0.0,0.0,0.0,0.0,0.0,0.0,0.0,10.0,0.53,3.0,34.0,33.0,30.0,5.0,6.0,0.0,0.0,0.0,0.0,0.0,0.0,0.0,5.0,2.0,0.22,0.0,0.0,0,0.0,0.0,0.0,0,0
253,3,8,1,0.0,0.0,0.0,1.0,0.0,0.0,0.0,1.0,3.0,7.0,11.0,9.0,0.53,1.0,34.0,33.0,30.0,5.0,6.0,0.0,54.0,1.0,0.0,6.0,3.0,0.0,5.0,2.0,0.4,1.0,0.0,1,1.0,83.5,167.0,1,0
254,1,8,0,0.0,0.0,0.0,0.0,0.0,0.0,0.0,0.0,0.0,1.0,11.0,0.0,0.53,0.0,34.0,33.0,30.0,5.0,6.0,0.0,0.0,0.0,0.0,6.0,0.0,0.0,0.0,0.0,0.0,0.0,0.0,0,0.0,1.0,1.0,0,0
255,3,8,0,0.0,0.0,0.0,0.0,0.0,0.0,0.0,0.0,0.0,1.0,11.0,0.0,0.0,0.0,0.0,0.0,0.0,0.0,0.0,0.0,0.0,0.0,0.0,0.0,0.0,0.0,0.0,0.0,0.0,0.0,0.0,0,0.0,1.0,1.0,0,0
256,3,8,0,0.0,0.0,0.0,0.0,0.0,0.0,0.0,0.0,0.0,0.0,0.0,0.0,0.0,0.0,0.0,0.0,0.0,0.0,0.0,0.0,0.0,0.0,0.0,0.0,0.0,0.0,5.0,2.0,0.22,0.0,0.0,0,0.0,0.0,0.0,0,0
257,3,8,0,0.0,0.0,0.0,0.0,0.0,0.0,0.0,0.0,0.0,0.0,11.0,0.0,0.0,0.0,0.0,0.0,0.0,0.0,0.0,0.0,0.0,0.0,0.0,0.0,0.0,0.0,0.0,0.0,0.0,0.0,0.0,0,0.0,0.0,0.0,0,0
258,0,8,0,0.0,0.0,0.0,0.0,0.0,0.0,0.0,0.0,0.0,0.0,0.0,0.0,0.0,0.0,0.0,0.0,0.0,0.0,0.0,0.0,0.0,0.0,0.0,0.0,0.0,0.0,5.0,2.0,0.22,0.0,0.0,0,0.0,0.0,0.0,0,0
259,0,9,0,0.0,0.0,0.0,3.0,0.0,2.0,0.0,0.0,6.0,7.0,25.0,30.0,0.53,17.0,65.0,60.0,43.0,25.0,17.0,0.0,1076.0,0.0,0.0,37.0,17.0,0.0,5.0,2.0,0.22,0.0,0.0,0,0.0,790.0,790.0,0,0
260,0,9,0,0.0,0.0,0.0,3.0,0.0,2.0,0.0,0.0,6.0,7.0,25.0,30.0,0.53,17.0,65.0,60.0,43.0,25.0,17.0,0.0,1076.0,0.0,0.0,37.0,17.0,0.0,5.0,2.0,0.22,0.0,0.0,0,0.0,790.0,790.0,0,0
261,3,9,0,0.0,0.0,0.0,0.0,0.0,0.0,0.0,0.0,0.0,0.0,11.0,0.0,0.0,0.0,0.0,0.0,0.0,0.0,0.0,0.0,0.0,0.0,0.0,0.0,0.0,0.0,0.0,0.0,0.0,0.0,0.0,0,0.0,0.0,0.0,0,0
262,3,9,0,0.0,0.0,0.0,0.0,0.0,0.0,0.0,0.0,0.0,0.0,11.0,0.0,0.0,0.0,0.0,0.0,0.0,0.0,0.0,0.0,0.0,0.0,0.0,0.0,0.0,0.0,0.0,0.0,0.0,0.0,0.0,0,0.0,0.0,0.0,0,0
263,0,9,0,0.0,0.0,0.0,0.0,0.0,0.0,0.0,0.0,0.0,0.0,0.0,0.0,0.0,0.0,0.0,0.0,0.0,0.0,0.0,0.0,0.0,0.0,0.0,0.0,0.0,0.0,5.0,2.0,0.22,0.0,0.0,0,0.0,0.0,0.0,0,0
264,2,9,0,4.06,0.0,1.0,5.0,73.0,0.0,0.0,0.0,13.0,17.0,61.0,10.0,0.53,3.0,34.0,33.0,30.0,5.0,6.0,0.0,1406.0,0.0,0.0,176.0,0.0,0.0,5.0,2.0,0.22,0.0,134.0,0,0.0,1620.0,1620.0,0,0
265,0,9,0,0.0,0.0,0.0,0.0,0.0,0.0,0.0,0.0,0.0,0.0,0.0,0.0,0.0,0.0,0.0,0.0,0.0,0.0,0.0,0.0,0.0,0.0,0.0,0.0,0.0,0.0,5.0,2.0,0.22,0.0,0.0,0,0.0,0.0,0.0,0,0
266,0,9,0,0.0,0.0,0.0,0.0,0.0,0.0,0.0,0.0,0.0,0.0,0.0,0.0,0.0,0.0,0.0,0.0,0.0,0.0,0.0,0.0,0.0,0.0,0.0,0.0,0.0,0.0,5.0,2.0,0.22,0.0,0.0,0,0.0,0.0,0.0,0,0
267,0,9,1,0.0,0.0,0.0,3.0,0.0,2.0,1.0,1.0,6.0,8.0,29.0,20.0,0.45,25.0,79.0,57.0,40.0,26.0,19.0,0.0,1058.0,0.0,0.0,73.0,8.0,0.0,5.0,2.0,0.22,0.0,0.0,1,1.0,571.5,1143.0,1,0
268,3,9,0,0.0,0.0,0.0,3.0,0.0,2.0,0.0,0.0,12.0,10.0,11.0,29.0,0.62,11.0,72.0,53.0,75.0,10.0,13.0,2.0,722.0,2.0,0.21,21.0,26.0,0.0,9.0,2.0,0.22,0.0,0.0,2,2.0,786.0,262.0,0,1
269,0,9,0,0.0,0.0,2.0,4.0,0.0,4.0,0.0,0.0,12.0,17.0,60.0,93.0,0.62,80.0,227.0,192.0,169.0,42.0,27.0,6.0,1629.0,6.0,0.23,101.0,34.0,0.0,5.0,2.0,0.22,0.0,0.0,6,6.0,1486.0,212.28571428571428,0,2
270,0,9,1,0.0,0.0,0.0,2.0,0.0,2.0,0.0,1.0,4.0,7.0,21.0,27.0,0.63,16.0,45.0,53.0,40.0,5.0,5.0,0.0,422.0,0.0,0.3,15.0,16.0,0.0,5.0,2.0,0.22,0.0,0.0,1,1.0,265.0,530.0,1,0
271,0,9,1,0.0,0.0,0.0,2.0,0.0,2.0,0.0,1.0,4.0,7.0,21.0,27.0,0.63,16.0,45.0,53.0,40.0,5.0,5.0,0.0,422.0,0.0,0.3,15.0,16.0,0.0,5.0,2.0,0.22,0.0,0.0,1,1.0,265.0,530.0,1,0
272,0,9,1,0.0,0.0,0.0,2.0,0.0,0.0,0.0,2.0,8.0,8.0,25.0,21.0,0.52,25.0,43.0,83.0,51.0,57.0,28.0,0.0,1211.0,0.0,0.0,72.0,10.0,2.0,5.0,2.0,0.22,0.0,0.0,2,2.0,120.66666666666667,362.0,1,0
273,1,9,4,0.0,0.0,0.0,4.0,0.0,2.0,1.0,7.0,8.0,10.0,11.0,18.0,0.53,4.0,34.0,33.0,30.0,5.0,6.0,0.0,373.0,3.0,0.0,6.0,17.0,2.0,41.0,17.0,0.41,4.0,0.0,7,7.0,126.75,1014.0,2,0
274,0,9,0,0.0,0.0,0.0,2.0,0.0,1.0,1.0,1.0,11.0,13.0,42.0,49.0,0.59,28.0,171.0,101.0,57.0,30.0,25.0,0.0,1667.0,0.0,0.0,83.0,15.0,0.0,5.0,2.0,0.22,0.0,0.0,1,1.0,467.5,935.0,1,0
275,0,9,0,0.0,0.0,0.0,0.0,0.0,0.0,0.0,0.0,0.0,0.0,0.0,0.0,0.0,0.0,0.0,0.0,0.0,0.0,0.0,0.0,0.0,0.0,0.0,0.0,0.0,0.0,5.0,2.0,0.22,0.0,0.0,0,0.0,0.0,0.0,0,0
276,1,9,0,0.0,0.0,0.0,0.0,0.0,0.0,0.0,0.0,0.0,0.0,11.0,0.0,0.53,0.0,34.0,33.0,30.0,5.0,6.0,0.0,0.0,0.0,0.0,6.0,0.0,0.0,0.0,0.0,0.0,0.0,0.0,0,0.0,0.0,0.0,0,0
277,3,9,0,0.0,0.0,0.0,0.0,0.0,0.0,0.0,0.0,0.0,0.0,11.0,0.0,0.0,0.0,0.0,0.0,0.0,0.0,0.0,0.0,0.0,0.0,0.0,0.0,0.0,0.0,0.0,0.0,0.0,0.0,0.0,0,0.0,0.0,0.0,0,0
278,3,9,0,0.0,0.0,0.0,0.0,0.0,0.0,0.0,0.0,0.0,1.0,11.0,1.0,1.0,0.0,3.0,3.0,5.0,0.0,0.0,0.0,14.0,0.0,0.0,0.0,2.0,0.0,1.0,1.0,1.0,1.0,0.0,0,0.0,74.0,74.0,0,0
279,0,9,0,0.0,0.0,0.0,4.0,0.0,1.0,0.0,1.0,12.0,15.0,40.0,49.0,0.49,38.0,119.0,111.0,92.0,35.0,34.0,3.0,1350.0,1.0,0.2,51.0,22.0,0.0,5.0,2.0,0.22,0.0,0.0,4,4.0,586.0,293.0,1,1
280,0,9,0,0.0,0.0,0.0,4.0,0.0,1.0,0.0,1.0,12.0,15.0,40.0,49.0,0.49,38.0,119.0,111.0,92.0,35.0,34.0,3.0,1350.0,1.0,0.2,51.0,22.0,0.0,5.0,2.0,0.22,0.0,0.0,4,4.0,586.0,293.0,1,1
281,2,9,0,0.0,0.0,0.0,0.0,0.0,0.0,0.0,0.0,0.0,0.0,0.0,10.0,0.53,3.0,34.0,33.0,30.0,5.0,6.0,0.0,0.0,0.0,0.0,0.0,0.0,0.0,5.0,2.0,0.22,0.0,0.0,0,0.0,0.0,0.0,0,0
282,0,9,0,0.0,0.0,0.0,0.0,0.0,1.0,0.0,0.0,4.0,2.0,1.0,4.0,0.5,3.0,6.0,9.0,9.0,0.0,2.0,0.0,55.0,0.0,0.0,3.0,4.0,0.0,5.0,2.0,0.22,0.0,0.0,0,0.0,41.0,41.0,0,0
283,0,9,0,0.0,0.0,0.0,0.0,0.0,0.0,0.0,0.0,0.0,0.0,0.0,0.0,0.0,0.0,0.0,0.0,0.0,0.0,0.0,0.0,0.0,0.0,0.0,0.0,0.0,0.0,5.0,2.0,0.22,0.0,0.0,0,0.0,0.0,0.0,0,0
284,0,10,2,0.0,0.0,0.0,6.0,0.0,3.0,0.0,3.0,16.0,4.0,28.0,39.0,0.67,31.0,176.0,84.0,102.0,8.0,6.0,4.0,1685.0,17.0,0.33,147.0,9.0,0.0,5.0,2.0,0.22,0.0,0.0,7,7.0,329.5,263.6,1,1
285,3,10,0,0.0,0.0,0.0,0.0,0.0,0.0,0.0,0.0,1.0,0.0,11.0,4.0,0.25,0.0,2.0,6.0,3.0,0.0,0.0,0.0,10.0,0.0,0.0,0.0,1.0,0.0,0.0,0.0,0.0,0.0,0.0,0,0.0,0.0,0.0,0,0
286,3,10,1,0.0,0.0,0.0,0.0,0.0,1.0,0.0,3.0,21.0,3.0,11.0,27.0,0.63,6.0,78.0,58.0,59.0,9.0,13.0,6.0,904.0,5.0,0.35,40.0,7.0,0.0,49.0,17.0,0.35,1.0,0.0,9,9.0,83.0,47.42857142857143,1,2
287,3,10,1,0.0,0.0,0.0,0.0,0.0,1.0,0.0,3.0,21.0,3.0,11.0,27.0,0.63,6.0,78.0,58.0,59.0,9.0,13.0,6.0,904.0,5.0,0.35,40.0,7.0,0.0,49.0,17.0,0.35,1.0,0.0,9,9.0,83.0,47.42857142857143,1,2
288,1,10,2,0.0,0.0,0.0,2.0,0.0,0.0,0.0,8.0,23.0,3.0,11.0,27.0,0.53,14.0,34.0,33.0,30.0,5.0,6.0,5.0,535.0,5.0,0.0,6.0,28.0,3.0,66.0,24.0,0.36,6.0,0.0,13,13.0,79.22222222222223,118.83333333333333,2,1
289,0,10,0,0.0,0.0,0.0,3.0,0.0,2.0,0.0,0.0,21.0,3.0,19.0,47.0,0.66,19.0,111.0,109.0,94.0,31.0,11.0,1.0,1149.0,2.0,0.18,48.0,28.0,0.0,5.0,2.0,0.22,0.0,0.0,1,1.0,743.0,371.5,0,1
290,3,10,0,0.0,0.0,0.0,1.0,0.0,1.0,1.0,1.0,13.0,4.0,11.0,27.0,0.52,7.0,72.0,63.0,84.0,7.0,12.0,1.0,750.0,0.0,0.25,12.0,16.0,0.0,19.0,6.0,0.32,1.0,0.0,2,2.0,229.0,229.0,1,1
291,0,10,0,0.0,0.0,0.0,4.0,0.0,2.0,0.0,0.0,13.0,4.0,18.0,36.0,0.61,20.0,97.0,132.0,68.0,77.0,31.0,0.0,1449.0,1.0,0.0,47.0,25.0,0.0,5.0,2.0,0.22,0.0,0.0,0,0.0,791.0,791.0,0,0
292,3,10,3,0.0,0.0,0.0,4.0,0.0,1.0,0.0,8.0,23.0,4.0,11.0,35.0,0.53,3.0,34.0,33.0,30.0,5.0,6.0,5.0,1019.0,5.0,0.0,6.0,54.0,1.0,94.0,32.0,0.34,13.0,0.0,13,13.0,118.22222222222223,177.33333333333334,2,1
293,3,10,1,0.0,0.0,0.0,3.0,0.0,5.0,1.0,5.0,21.0,4.0,11.0,99.0,0.56,35.0,195.0,195.0,193.0,31.0,29.0,5.0,1927.0,3.0,0.31,61.0,53.0,1.0,44.0,9.0,0.2,2.0,0.0,10,10.0,181.0,181.0,1,1
294,3,10,12,0.0,0.0,0.0,6.0,0.0,2.0,0.0,18.0,19.0,3.0,11.0,17.0,0.53,2.0,34.0,33.0,30.0,5.0,6.0,10.0,935.0,22.0,0.0,6.0,12.0,2.0,114.0,56.0,0.49,17.0,0.0,28,28.0,82.10526315789474,141.8181818181818,4,2
295,3,10,2,0.0,0.0,0.0,7.0,0.0,1.0,0.0,3.0,20.0,3.0,11.0,32.0,0.59,15.0,171.0,97.0,137.0,14.0,20.0,2.0,1399.0,7.0,0.25,54.0,29.0,1.0,60.0,15.0,0.25,2.0,0.0,5,5.0,376.25,501.6666666666667,1,1
296,0,10,0,0.0,0.0,0.0,0.0,0.0,0.0,0.0,0.0,0.0,0.0,0.0,0.0,0.0,0.0,0.0,0.0,0.0,0.0,0.0,0.0,0.0,0.0,0.0,0.0,0.0,0.0,5.0,2.0,0.22,0.0,0.0,0,0.0,0.0,0.0,0,0
297,0,10,1,0.0,0.0,0.0,5.0,0.0,1.0,1.0,2.0,22.0,4.0,40.0,40.0,0.57,39.0,170.0,195.0,63.0,140.0,32.0,2.0,2872.0,3.0,0.0,156.0,23.0,1.0,5.0,2.0,0.22,0.0,0.0,4,4.0,459.0,459.0,1,1
298,0,10,0,0.0,0.0,0.0,0.0,0.0,0.0,0.0,2.0,12.0,1.0,15.0,25.0,0.88,17.0,72.0,76.0,43.0,45.0,22.0,0.0,1165.0,0.0,0.0,44.0,10.0,1.0,5.0,2.0,0.22,0.0,0.0,2,2.0,57.0,171.0,1,0
299,3,10,0,0.0,0.0,0.0,0.0,0.0,0.0,0.0,0.0,5.0,0.0,11.0,2.0,0.5,1.0,6.0,5.0,16.0,0.0,1.0,0.0,49.0,0.0,0.0,1.0,4.0,0.0,2.0,0.0,0.0,0.0,0.0,0,0.0,0.0,0.0,0,0
300,3,10,0,0.0,0.0,0.0,0.0,0.0,0.0,0.0,0.0,5.0,0.0,11.0,2.0,0.5,1.0,6.0,5.0,16.0,0.0,1.0,0.0,49.0,0.0,0.0,1.0,4.0,0.0,2.0,0.0,0.0,0.0,0.0,0,0.0,0.0,0.0,0,0
301,3,10,0,0.0,0.0,0.0,0.0,0.0,0.0,0.0,0.0,0.0,0.0,11.0,0.0,0.53,0.0,34.0,33.0,30.0,5.0,6.0,0.0,4.0,0.0,0.0,6.0,0.0,0.0,0.0,0.0,0.0,0.0,0.0,0,0.0,13.0,13.0,0,0
302,3,10,0,0.0,0.0,0.0,0.0,0.0,0.0,0.0,0.0,3.0,0.0,11.0,0.0,0.0,1.0,0.0,1.0,1.0,0.0,0.0,0.0,6.0,0.0,0.0,1.0,1.0,0.0,0.0,0.0,0.0,0.0,0.0,0,0.0,1.0,1.0,0,0
303,3,10,1,0.0,0.0,0.0,3.0,0.0,4.0,0.0,1.0,19.0,3.0,11.0,48.0,0.58,20.0,108.0,114.0,145.0,31.0,27.0,0.0,1305.0,2.0,0.5,28.0,50.0,0.0,10.0,3.0,0.3,0.0,0.0,1,1.0,266.5,533.0,1,0
304,3,10,0,0.0,0.0,0.0,2.0,0.0,0.0,0.0,1.0,17.0,2.0,11.0,26.0,0.46,14.0,74.0,74.0,85.0,10.0,14.0,0.0,493.0,1.0,0.0,6.0,20.0,0.0,23.0,8.0,0.35,1.0,0.0,1,1.0,265.0,530.0,1,0
305,0,10,0,0.0,0.0,0.0,0.0,0.0,0.0,0.0,1.0,8.0,1.0,7.0,33.0,0.76,10.0,50.0,69.0,51.0,11.0,5.0,3.0,437.0,2.0,0.22,15.0,8.0,0.0,5.0,2.0,0.22,0.0,0.0,4,4.0,0.0,0.0,1,1
306,3,11,0,0.0,0.0,0.0,1.0,0.0,0.0,0.0,1.0,3.0,10.0,11.0,29.0,0.62,11.0,64.0,82.0,52.0,16.0,9.0,3.0,740.0,2.0,0.08,41.0,18.0,1.0,8.0,2.0,0.25,0.0,0.0,4,4.0,113.5,56.75,1,1
307,3,11,0,0.0,0.0,0.0,0.0,0.0,5.0,0.0,0.0,1.0,9.0,11.0,40.0,0.6,11.0,90.0,56.0,57.0,4.0,7.0,0.0,415.0,0.0,0.25,19.0,24.0,0.0,5.0,0.0,0.0,0.0,0.0,0,0.0,1131.0,1131.0,0,0
308,1,11,4,0.0,0.0,0.0,1.0,0.0,1.0,0.0,10.0,5.0,16.0,11.0,4.0,0.53,6.0,34.0,33.0,30.0,5.0,6.0,0.0,197.0,0.0,0.0,6.0,27.0,4.0,31.0,14.0,0.45,4.0,0.0,10,10.0,59.27272727272727,652.0,2,0
309,0,11,0,0.0,0.0,0.0,1.0,0.0,0.0,0.0,0.0,5.0,13.0,41.0,50.0,0.66,25.0,98.0,96.0,77.0,21.0,22.0,0.0,789.0,0.0,0.08,29.0,22.0,0.0,5.0,2.0,0.22,0.0,0.0,0,0.0,995.0,995.0,0,0
310,3,11,0,0.0,0.0,0.0,0.0,0.0,0.0,0.0,2.0,2.0,11.0,11.0,7.0,0.29,0.0,8.0,23.0,19.0,7.0,8.0,1.0,88.0,0.0,0.13,3.0,6.0,0.0,8.0,4.0,0.5,0.0,0.0,3,3.0,8.666666666666666,13.0,1,1
311,0,11,0,0.0,0.0,0.0,0.0,0.0,1.0,0.0,0.0,3.0,13.0,37.0,37.0,0.62,18.0,62.0,99.0,72.0,46.0,33.0,4.0,680.0,3.0,0.31,34.0,20.0,0.0,5.0,2.0,0.22,0.0,0.0,4,4.0,595.0,119.0,0,1
312,0,11,0,0.0,0.0,0.0,1.0,0.0,2.0,0.0,2.0,6.0,23.0,11.0,62.0,0.63,31.0,185.0,127.0,124.0,23.0,12.0,8.0,1088.0,10.0,0.26,66.0,31.0,0.0,26.0,8.0,0.31,2.0,0.0,10,10.0,382.3333333333333,127.44444444444444,1,2
313,3,11,0,0.0,0.0,0.0,0.0,0.0,0.0,0.0,0.0,0.0,0.0,11.0,0.0,0.0,0.0,0.0,0.0,0.0,0.0,0.0,0.0,0.0,0.0,0.0,0.0,0.0,0.0,0.0,0.0,0.0,0.0,0.0,0,0.0,0.0,0.0,0,0
314,1,11,0,0.0,0.0,0.0,0.0,0.0,0.0,0.0,0.0,0.0,0.0,11.0,0.0,0.53,0.0,34.0,33.0,30.0,5.0,6.0,0.0,0.0,0.0,0.0,6.0,0.0,0.0,0.0,0.0,0.0,0.0,0.0,0,0.0,0.0,0.0,0,0
315,1,11,3,0.0,0.0,0.0,2.0,0.0,1.0,0.0,11.0,6.0,24.0,11.0,15.0,0.53,1.0,34.0,33.0,30.0,5.0,6.0,4.0,718.0,5.0,0.0,6.0,49.0,2.0,71.0,31.0,0.44,7.0,0.0,15,15.0,100.0,240.0,3,1
316,1,11,0,0.0,0.0,0.0,0.0,0.0,0.0,0.0,0.0,0.0,0.0,11.0,0.0,0.53,0.0,34.0,33.0,30.0,5.0,6.0,0.0,0.0,0.0,0.0,6.0,0.0,0.0,0.0,0.0,0.0,0.0,0.0,0,0.0,0.0,0.0,0,0
317,1,11,0,0.0,0.0,0.0,0.0,0.0,0.0,0.0,0.0,0.0,0.0,11.0,0.0,0.53,0.0,34.0,33.0,30.0,5.0,6.0,0.0,0.0,0.0,0.0,6.0,0.0,0.0,0.0,0.0,0.0,0.0,0.0,0,0.0,0.0,0.0,0,0
318,1,11,1,0.0,0.0,0.0,1.0,0.0,0.0,0.0,4.0,5.0,18.0,11.0,17.0,0.53,7.0,34.0,33.0,30.0,5.0,6.0,1.0,627.0,5.0,0.0,6.0,8.0,1.0,35.0,14.0,0.4,1.0,0.0,5,5.0,189.0,472.5,1,1
319,3,11,0,0.0,0.0,0.0,0.0,0.0,0.0,0.0,0.0,1.0,6.0,11.0,10.0,0.6,1.0,10.0,26.0,41.0,8.0,6.0,0.0,85.0,0.0,0.08,0.0,10.0,0.0,5.0,2.0,0.4,0.0,0.0,0,0.0,0.0,0.0,0,0
320,0,11,1,0.0,0.0,0.0,1.0,0.0,1.0,0.0,2.0,4.0,12.0,47.0,41.0,0.54,31.0,103.0,98.0,84.0,37.0,37.0,0.0,705.0,0.0,0.33,27.0,23.0,2.0,5.0,2.0,0.22,0.0,0.0,2,2.0,198.66666666666666,596.0,1,0
321,1,11,0,0.0,0.0,0.0,0.0,0.0,0.0,0.0,0.0,0.0,0.0,11.0,0.0,0.53,0.0,34.0,33.0,30.0,5.0,6.0,0.0,0.0,0.0,0.0,6.0,0.0,0.0,0.0,0.0,0.0,0.0,0.0,0,0.0,0.0,0.0,0,0
322,3,11,0,0.0,0.0,0.0,0.0,0.0,0.0,0.0,0.0,0.0,0.0,11.0,0.0,0.0,0.0,0.0,0.0,0.0,0.0,0.0,0.0,0.0,0.0,0.0,0.0,0.0,0.0,0.0,0.0,0.0,0.0,0.0,0,0.0,0.0,0.0,0,0
323,0,11,0,0.0,0.0,0.0,0.0,0.0,0.0,0.0,0.0,0.0,0.0,0.0,0.0,0.0,0.0,0.0,0.0,0.0,0.0,0.0,0.0,0.0,0.0,0.0,0.0,0.0,0.0,5.0,2.0,0.22,0.0,0.0,0,0.0,0.0,0.0,0,0
324,3,11,0,0.0,0.0,0.0,0.0,0.0,0.0,0.0,0.0,0.0,0.0,11.0,0.0,0.0,0.0,0.0,0.0,0.0,0.0,0.0,0.0,0.0,0.0,0.0,0.0,0.0,0.0,0.0,0.0,0.0,0.0,0.0,0,0.0,0.0,0.0,0,0
325,2,11,0,0.0,0.0,0.0,0.0,0.0,0.0,0.0,0.0,0.0,1.0,0.0,10.0,0.53,3.0,34.0,33.0,30.0,5.0,6.0,0.0,8.0,0.0,0.0,3.0,0.0,0.0,5.0,2.0,0.22,0.0,2.0,0,0.0,0.0,0.0,0,0
326,3,11,0,0.0,0.0,0.0,0.0,0.0,0.0,0.0,0.0,0.0,0.0,11.0,0.0,0.0,0.0,0.0,0.0,0.0,0.0,0.0,0.0,0.0,0.0,0.0,0.0,0.0,0.0,0.0,0.0,0.0,0.0,0.0,0,0.0,0.0,0.0,0,0
327,2,11,0,0.0,0.0,0.0,0.0,0.0,0.0,0.0,0.0,0.0,0.0,0.0,10.0,0.53,3.0,34.0,33.0,30.0,5.0,6.0,0.0,0.0,0.0,0.0,0.0,0.0,0.0,5.0,2.0,0.22,0.0,0.0,0,0.0,0.0,0.0,0,0
328,3,11,0,0.0,0.0,0.0,0.0,0.0,0.0,0.0,0.0,0.0,0.0,11.0,0.0,0.0,0.0,0.0,0.0,0.0,0.0,0.0,0.0,0.0,0.0,0.0,0.0,0.0,0.0,0.0,0.0,0.0,0.0,0.0,0,0.0,0.0,0.0,0,0
329,3,11,0,0.0,0.0,0.0,0.0,0.0,0.0,0.0,0.0,0.0,0.0,11.0,0.0,0.0,0.0,0.0,0.0,0.0,0.0,0.0,0.0,0.0,0.0,0.0,0.0,0.0,0.0,0.0,0.0,0.0,0.0,0.0,0,0.0,0.0,0.0,0,0
330,1,11,0,0.0,0.0,0.0,0.0,0.0,0.0,0.0,1.0,3.0,15.0,11.0,16.0,0.53,1.0,34.0,33.0,30.0,5.0,6.0,1.0,139.0,2.0,0.0,6.0,8.0,1.0,16.0,4.0,0.25,0.0,0.0,2,2.0,37.0,37.0,1,1
331,0,11,1,0.0,0.0,0.0,1.0,0.0,1.0,0.0,1.0,5.0,18.0,59.0,54.0,0.41,57.0,126.0,128.0,95.0,60.0,43.0,0.0,925.0,0.0,0.0,70.0,35.0,0.0,5.0,2.0,0.22,0.0,0.0,1,1.0,475.0,950.0,1,0
332,0,11,0,0.0,0.0,0.0,0.0,0.0,0.0,0.0,0.0,2.0,8.0,14.0,8.0,0.75,4.0,21.0,17.0,11.0,3.0,0.0,0.0,128.0,0.0,0.24,2.0,2.0,0.0,5.0,2.0,0.22,0.0,0.0,0,0.0,427.0,427.0,0,0
333,0,11,1,0.0,0.0,1.0,0.0,0.0,4.0,0.0,1.0,2.0,9.0,23.0,25.0,0.64,23.0,89.0,70.0,42.0,31.0,17.0,1.0,418.0,1.0,0.0,45.0,15.0,0.0,5.0,2.0,0.22,0.0,0.0,2,2.0,584.5,584.5,1,1
334,3,11,0,0.0,0.0,0.0,1.0,0.0,0.0,0.0,0.0,5.0,18.0,11.0,13.0,0.38,9.0,54.0,48.0,54.0,12.0,19.0,0.0,343.0,1.0,0.27,16.0,9.0,0.0,11.0,1.0,0.09,1.0,0.0,0,0.0,718.0,718.0,0,0
335,3,11,0,0.0,0.0,0.0,1.0,0.0,0.0,0.0,0.0,5.0,18.0,11.0,13.0,0.38,9.0,54.0,48.0,54.0,12.0,19.0,0.0,343.0,1.0,0.27,16.0,9.0,0.0,11.0,1.0,0.09,1.0,0.0,0,0.0,718.0,718.0,0,0
336,3,11,1,0.0,0.0,0.0,0.0,0.0,3.0,0.0,4.0,3.0,24.0,11.0,36.0,0.61,8.0,104.0,133.0,130.0,9.0,22.0,0.0,499.0,0.0,0.23,15.0,21.0,1.0,31.0,7.0,0.23,1.0,0.0,4,4.0,135.8,679.0,1,0
337,0,11,0,0.0,0.0,0.0,0.0,0.0,4.0,0.0,0.0,3.0,16.0,39.0,52.0,0.54,16.0,102.0,117.0,92.0,18.0,20.0,2.0,540.0,5.0,0.21,16.0,27.0,0.0,5.0,2.0,0.22,0.0,0.0,2,2.0,1002.0,334.0,0,1
338,2,11,0,3.76,0.0,0.0,1.0,64.0,3.0,0.0,0.0,6.0,24.0,85.0,10.0,0.53,3.0,34.0,33.0,30.0,5.0,6.0,0.0,1310.0,0.0,0.0,312.0,0.0,0.0,5.0,2.0,0.22,0.0,145.0,0,0.0,1530.0,1530.0,0,0
339,3,11,1,0.0,0.0,0.0,1.0,0.0,3.0,0.0,5.0,5.0,20.0,11.0,47.0,0.4,25.0,201.0,195.0,185.0,44.0,34.0,4.0,1405.0,6.0,0.31,87.0,25.0,1.0,66.0,19.0,0.29,1.0,0.0,9,9.0,148.83333333333334,178.6,1,1
340,1,11,2,0.0,0.0,0.0,1.0,0.0,3.0,0.0,2.0,4.0,11.0,11.0,19.0,0.53,8.0,34.0,33.0,30.0,5.0,6.0,0.0,229.0,1.0,0.0,6.0,19.0,0.0,26.0,7.0,0.27,3.0,0.0,2,2.0,289.0,867.0,1,0
341,0,11,0,0.0,0.0,0.0,0.0,0.0,0.0,0.0,0.0,0.0,0.0,0.0,0.0,0.0,0.0,0.0,0.0,0.0,0.0,0.0,0.0,0.0,0.0,0.0,0.0,0.0,0.0,5.0,2.0,0.22,0.0,0.0,0,0.0,0.0,0.0,0,0
342,2,11,0,0.0,0.0,0.0,0.0,0.0,0.0,0.0,0.0,0.0,0.0,0.0,10.0,0.53,3.0,34.0,33.0,30.0,5.0,6.0,0.0,0.0,0.0,0.0,0.0,0.0,0.0,5.0,2.0,0.22,0.0,0.0,0,0.0,0.0,0.0,0,0
343,3,11,0,0.0,0.0,0.0,0.0,0.0,0.0,0.0,0.0,0.0,0.0,11.0,0.0,0.0,0.0,0.0,0.0,0.0,0.0,0.0,0.0,0.0,0.0,0.0,0.0,0.0,0.0,0.0,0.0,0.0,0.0,0.0,0,0.0,0.0,0.0,0,0
344,0,12,2,0.0,0.0,0.0,3.0,0.0,1.0,1.0,2.0,22.0,2.0,23.0,42.0,0.67,23.0,142.0,90.0,72.0,28.0,30.0,0.0,2296.0,0.0,0.22,81.0,17.0,1.0,5.0,2.0,0.22,0.0,0.0,2,2.0,360.3333333333333,1081.0,1,0
345,0,12,2,0.0,0.0,0.0,1.0,0.0,0.0,0.0,2.0,21.0,2.0,20.0,26.0,0.62,14.0,119.0,95.0,49.0,47.0,28.0,2.0,1770.0,3.0,0.09,19.0,10.0,2.0,5.0,2.0,0.22,0.0,0.0,4,4.0,275.0,275.0,1,1
346,1,12,4,0.0,0.0,0.0,6.0,0.0,2.0,0.0,11.0,27.0,3.0,11.0,24.0,0.53,2.0,34.0,33.0,30.0,5.0,6.0,9.0,1110.0,7.0,0.0,6.0,23.0,1.0,98.0,40.0,0.41,10.0,0.0,20,20.0,117.41666666666667,140.9,3,2
347,3,12,0,0.0,0.0,0.0,0.0,0.0,0.0,0.0,1.0,12.0,2.0,11.0,7.0,0.43,5.0,17.0,22.0,17.0,1.0,2.0,1.0,168.0,2.0,0.6,0.0,2.0,0.0,4.0,2.0,0.5,1.0,0.0,2,2.0,34.5,34.5,1,1
348,0,12,0,0.0,0.0,0.0,0.0,0.0,0.0,0.0,0.0,0.0,0.0,0.0,0.0,0.0,0.0,0.0,0.0,0.0,0.0,0.0,0.0,0.0,0.0,0.0,0.0,0.0,0.0,5.0,2.0,0.22,0.0,0.0,0,0.0,0.0,0.0,0,0
349,2,12,0,0.0,0.0,0.0,0.0,0.0,0.0,0.0,0.0,0.0,0.0,0.0,10.0,0.53,3.0,34.0,33.0,30.0,5.0,6.0,0.0,0.0,0.0,0.0,0.0,0.0,0.0,5.0,2.0,0.22,0.0,0.0,0,0.0,0.0,0.0,0,0
350,2,12,0,0.0,0.0,0.0,0.0,0.0,0.0,0.0,0.0,0.0,0.0,0.0,10.0,0.53,3.0,34.0,33.0,30.0,5.0,6.0,0.0,0.0,0.0,0.0,0.0,0.0,0.0,5.0,2.0,0.22,0.0,0.0,0,0.0,0.0,0.0,0,0
351,3,12,0,0.0,0.0,0.0,0.0,0.0,0.0,0.0,0.0,0.0,0.0,11.0,0.0,0.0,0.0,0.0,0.0,0.0,0.0,0.0,0.0,0.0,0.0,0.0,0.0,0.0,0.0,0.0,0.0,0.0,0.0,0.0,0,0.0,0.0,0.0,0,0
352,3,12,0,0.0,0.0,0.0,0.0,0.0,0.0,0.0,4.0,15.0,0.0,11.0,14.0,0.64,4.0,54.0,43.0,70.0,6.0,5.0,10.0,804.0,21.0,0.26,22.0,11.0,1.0,44.0,17.0,0.39,1.0,0.0,14,14.0,4.4,2.0,1,2
353,3,12,4,0.0,0.0,0.0,5.0,0.0,1.0,0.0,19.0,25.0,3.0,11.0,31.0,0.65,13.0,127.0,144.0,143.0,6.0,17.0,8.0,1670.0,10.0,0.21,42.0,14.0,1.0,105.0,48.0,0.46,7.0,0.0,27,27.0,66.7,148.22222222222223,4,2
354,1,12,14,0.0,0.0,0.0,4.0,0.0,1.0,0.0,27.0,22.0,3.0,11.0,6.0,0.53,2.0,34.0,33.0,30.0,5.0,6.0,5.0,381.0,6.0,0.0,6.0,18.0,4.0,121.0,59.0,0.49,34.0,0.0,32,32.0,46.214285714285715,215.66666666666666,5,1
355,0,12,0,0.0,0.0,0.0,0.0,0.0,0.0,0.0,0.0,1.0,0.0,0.0,0.0,0.0,0.0,2.0,0.0,0.0,0.0,0.0,0.0,11.0,0.0,0.0,0.0,0.0,0.0,5.0,2.0,0.22,0.0,0.0,0,0.0,11.0,11.0,0,0
356,3,12,0,0.0,0.0,0.0,0.0,0.0,0.0,0.0,0.0,0.0,0.0,11.0,0.0,0.53,0.0,34.0,33.0,30.0,5.0,6.0,0.0,0.0,0.0,0.0,6.0,0.0,0.0,0.0,0.0,0.0,0.0,0.0,0,0.0,0.0,0.0,0,0
357,3,12,0,0.0,0.0,0.0,0.0,0.0,0.0,0.0,0.0,0.0,0.0,11.0,0.0,0.0,0.0,0.0,0.0,0.0,0.0,0.0,0.0,0.0,0.0,0.0,0.0,0.0,0.0,0.0,0.0,0.0,0.0,0.0,0,0.0,0.0,0.0,0,0
358,3,12,0,0.0,0.0,0.0,0.0,0.0,0.0,0.0,0.0,0.0,0.0,11.0,0.0,0.0,0.0,0.0,0.0,0.0,0.0,0.0,0.0,0.0,0.0,0.0,0.0,0.0,0.0,0.0,0.0,0.0,0.0,0.0,0,0.0,0.0,0.0,0,0
359,2,12,0,0.0,0.0,0.0,0.0,0.0,0.0,0.0,0.0,0.0,0.0,0.0,10.0,0.53,3.0,34.0,33.0,30.0,5.0,6.0,0.0,0.0,0.0,0.0,0.0,0.0,0.0,5.0,2.0,0.22,0.0,0.0,0,0.0,0.0,0.0,0,0
360,3,12,2,0.0,0.0,0.0,0.0,0.0,2.0,0.0,3.0,21.0,2.0,11.0,39.0,0.53,9.0,34.0,33.0,30.0,5.0,6.0,8.0,786.0,5.0,0.0,6.0,15.0,0.0,55.0,19.0,0.35,1.0,0.0,11,11.0,173.25,77.0,1,2
361,3,12,0,0.0,0.0,0.0,0.0,0.0,0.0,0.0,0.0,0.0,0.0,11.0,0.0,0.0,0.0,0.0,0.0,0.0,0.0,0.0,0.0,0.0,0.0,0.0,0.0,0.0,0.0,0.0,0.0,0.0,0.0,0.0,0,0.0,0.0,0.0,0,0
362,3,13,0,0.0,0.0,0.0,1.0,0.0,1.0,0.0,1.0,5.0,5.0,11.0,22.0,0.64,6.0,37.0,41.0,41.0,6.0,9.0,0.0,203.0,0.0,0.29,6.0,10.0,0.0,5.0,1.0,0.2,0.0,0.0,1,1.0,198.5,397.0,1,0
363,0,13,0,0.0,0.0,0.0,0.0,0.0,0.0,0.0,0.0,0.0,0.0,0.0,0.0,0.0,0.0,0.0,0.0,0.0,0.0,0.0,0.0,0.0,0.0,0.0,0.0,0.0,0.0,5.0,2.0,0.22,0.0,0.0,0,0.0,0.0,0.0,0,0
364,3,13,0,0.0,0.0,0.0,0.0,0.0,0.0,0.0,1.0,3.0,4.0,11.0,10.0,0.53,1.0,34.0,33.0,30.0,5.0,6.0,1.0,167.0,1.0,0.0,6.0,5.0,0.0,10.0,4.0,0.4,0.0,0.0,2,2.0,0.0,0.0,1,1
365,0,13,0,0.0,0.0,0.0,0.0,0.0,0.0,0.0,0.0,0.0,0.0,0.0,0.0,0.0,0.0,0.0,0.0,0.0,0.0,0.0,0.0,0.0,0.0,0.0,0.0,0.0,0.0,5.0,2.0,0.22,0.0,0.0,0,0.0,0.0,0.0,0,0
366,3,13,1,0.0,0.0,0.0,1.0,0.0,0.0,0.0,1.0,10.0,10.0,11.0,18.0,0.72,4.0,86.0,25.0,52.0,2.0,7.0,2.0,754.0,3.0,0.26,33.0,7.0,0.0,13.0,4.0,0.31,0.0,0.0,3,3.0,304.0,202.66666666666666,1,1
367,3,13,1,0.0,0.0,0.0,5.0,0.0,2.0,0.0,7.0,16.0,14.0,11.0,22.0,0.53,18.0,34.0,33.0,30.0,5.0,6.0,4.0,834.0,6.0,0.0,6.0,20.0,1.0,100.0,28.0,0.28,7.0,0.0,11,11.0,110.25,176.4,2,1
368,3,13,1,0.0,0.0,0.0,5.0,0.0,2.0,0.0,7.0,16.0,14.0,11.0,22.0,0.53,18.0,34.0,33.0,30.0,5.0,6.0,4.0,834.0,6.0,0.0,6.0,20.0,1.0,100.0,28.0,0.28,7.0,0.0,11,11.0,110.25,176.4,2,1
369,3,13,1,0.0,0.0,0.0,1.0,0.0,1.0,0.0,1.0,3.0,1.0,11.0,3.0,1.0,0.0,10.0,13.0,16.0,2.0,4.0,0.0,37.0,0.0,0.0,2.0,5.0,0.0,1.0,1.0,1.0,0.0,0.0,1,1.0,65.0,130.0,1,0
370,0,13,1,0.0,0.0,0.0,3.0,0.0,1.0,0.0,1.0,12.0,6.0,16.0,15.0,0.67,12.0,75.0,35.0,50.0,17.0,26.0,1.0,876.0,0.0,0.0,26.0,15.0,0.0,5.0,2.0,0.22,0.0,0.0,2,2.0,449.0,449.0,1,1
371,0,13,0,0.0,0.0,0.0,3.0,0.0,1.0,0.0,2.0,11.0,7.0,29.0,24.0,0.71,25.0,78.0,103.0,53.0,69.0,19.0,2.0,1096.0,2.0,0.33,73.0,21.0,1.0,5.0,2.0,0.22,0.0,0.0,4,4.0,278.6666666666667,278.6666666666667,1,1
372,3,13,0,0.0,0.0,0.0,2.0,0.0,1.0,0.0,3.0,10.0,8.0,11.0,47.0,0.57,22.0,96.0,120.0,109.0,19.0,26.0,1.0,862.0,0.0,0.17,21.0,15.0,0.0,11.0,5.0,0.45,0.0,0.0,4,4.0,80.25,160.5,1,1
373,0,13,0,0.0,0.0,0.0,0.0,0.0,0.0,0.0,0.0,0.0,0.0,0.0,0.0,0.0,0.0,0.0,0.0,0.0,0.0,0.0,0.0,0.0,0.0,0.0,0.0,0.0,0.0,5.0,2.0,0.22,0.0,0.0,0,0.0,0.0,0.0,0,0
374,1,13,1,0.0,0.0,0.0,1.0,0.0,0.0,0.0,1.0,6.0,7.0,11.0,4.0,0.53,0.0,34.0,33.0,30.0,5.0,6.0,0.0,137.0,0.0,0.0,6.0,3.0,0.0,6.0,4.0,0.67,0.0,0.0,1,1.0,219.5,439.0,1,0
375,0,13,0,0.0,0.0,1.0,0.0,0.0,2.0,0.0,0.0,6.0,3.0,12.0,12.0,0.67,5.0,33.0,21.0,22.0,4.0,5.0,1.0,442.0,0.0,0.0,10.0,6.0,0.0,5.0,2.0,0.22,0.0,0.0,1,1.0,375.0,187.5,0,1
376,0,13,0,0.0,0.0,1.0,0.0,0.0,2.0,0.0,0.0,6.0,3.0,12.0,12.0,0.67,5.0,33.0,21.0,22.0,4.0,5.0,1.0,442.0,0.0,0.0,10.0,6.0,0.0,5.0,2.0,0.22,0.0,0.0,1,1.0,375.0,187.5,0,1
377,0,13,1,0.0,0.0,0.0,2.0,0.0,0.0,0.0,1.0,13.0,6.0,23.0,18.0,0.61,15.0,67.0,43.0,20.0,21.0,5.0,0.0,774.0,0.0,0.0,29.0,8.0,1.0,5.0,2.0,0.22,0.0,0.0,1,1.0,215.0,430.0,1,0
378,3,13,2,0.0,0.0,0.0,4.0,0.0,2.0,0.0,7.0,16.0,12.0,11.0,19.0,0.53,4.0,34.0,33.0,30.0,5.0,6.0,2.0,683.0,6.0,0.0,6.0,13.0,0.0,62.0,21.0,0.34,7.0,0.0,9,9.0,143.75,383.3333333333333,2,1
379,3,13,0,0.0,0.0,0.0,0.0,0.0,0.0,0.0,0.0,2.0,1.0,11.0,1.0,0.53,1.0,34.0,33.0,30.0,5.0,6.0,0.0,41.0,0.0,0.0,6.0,0.0,0.0,0.0,0.0,0.0,0.0,0.0,0,0.0,76.0,76.0,0,0
380,1,13,0,0.0,0.0,0.0,0.0,0.0,0.0,0.0,0.0,0.0,0.0,11.0,0.0,0.53,0.0,34.0,33.0,30.0,5.0,6.0,0.0,0.0,0.0,0.0,6.0,0.0,0.0,0.0,0.0,0.0,0.0,0.0,0,0.0,0.0,0.0,0,0
381,3,13,0,0.0,0.0,0.0,0.0,0.0,0.0,0.0,0.0,0.0,1.0,11.0,0.0,0.0,0.0,0.0,0.0,0.0,0.0,0.0,0.0,1.0,0.0,0.0,0.0,0.0,0.0,1.0,0.0,0.0,0.0,0.0,0,0.0,2.0,2.0,0,0
382,0,13,0,0.0,0.0,0.0,2.0,0.0,2.0,0.0,0.0,8.0,9.0,34.0,42.0,0.6,41.0,94.0,89.0,61.0,21.0,19.0,2.0,832.0,1.0,0.29,13.0,17.0,0.0,5.0,2.0,0.22,0.0,0.0,2,2.0,613.0,204.33333333333334,0,1
383,0,13,0,0.0,0.0,0.0,2.0,0.0,3.0,0.0,0.0,8.0,13.0,28.0,58.0,0.48,21.0,96.0,119.0,88.0,20.0,29.0,4.0,646.0,6.0,0.26,23.0,14.0,0.0,5.0,2.0,0.22,0.0,0.0,4,4.0,408.0,81.6,0,1
384,1,13,0,0.0,0.0,0.0,4.0,0.0,1.0,0.0,10.0,14.0,10.0,11.0,11.0,0.53,1.0,34.0,33.0,30.0,5.0,6.0,2.0,391.0,0.0,0.0,6.0,20.0,0.0,38.0,21.0,0.55,13.0,0.0,12,12.0,85.27272727272727,312.6666666666667,2,1
385,3,13,0,0.0,0.0,0.0,0.0,0.0,0.0,0.0,0.0,1.0,3.0,11.0,2.0,0.0,0.0,2.0,3.0,4.0,0.0,2.0,1.0,33.0,1.0,0.0,0.0,1.0,0.0,1.0,0.0,0.0,0.0,0.0,1,1.0,0.0,0.0,0,1
386,2,13,0,0.0,0.0,0.0,0.0,0.0,0.0,0.0,0.0,0.0,0.0,0.0,10.0,0.53,3.0,34.0,33.0,30.0,5.0,6.0,0.0,0.0,0.0,0.0,0.0,0.0,0.0,5.0,2.0,0.22,0.0,0.0,0,0.0,0.0,0.0,0,0
387,3,13,0,0.0,0.0,0.0,0.0,0.0,0.0,0.0,0.0,1.0,0.0,11.0,1.0,1.0,1.0,0.0,2.0,0.0,0.0,0.0,0.0,0.0,0.0,0.0,0.0,0.0,0.0,0.0,0.0,0.0,0.0,0.0,0,0.0,0.0,0.0,0,0
388,2,13,0,0.0,0.0,0.0,0.0,0.0,0.0,0.0,0.0,0.0,0.0,0.0,10.0,0.53,3.0,34.0,33.0,30.0,5.0,6.0,0.0,0.0,0.0,0.0,0.0,0.0,0.0,5.0,2.0,0.22,0.0,0.0,0,0.0,0.0,0.0,0,0
389,3,13,0,0.0,0.0,0.0,1.0,0.0,3.0,0.0,0.0,11.0,7.0,11.0,27.0,0.59,8.0,60.0,48.0,56.0,5.0,6.0,0.0,645.0,0.0,0.14,35.0,24.0,0.0,3.0,0.0,0.0,0.0,0.0,0,0.0,610.0,610.0,0,0
390,1,13,0,0.0,0.0,0.0,0.0,0.0,0.0,0.0,0.0,0.0,0.0,11.0,0.0,0.53,0.0,34.0,33.0,30.0,5.0,6.0,0.0,0.0,0.0,0.0,6.0,0.0,0.0,0.0,0.0,0.0,0.0,0.0,0,0.0,0.0,0.0,0,0
391,0,13,0,0.0,0.0,0.0,0.0,0.0,0.0,0.0,0.0,2.0,4.0,10.0,3.0,0.33,4.0,12.0,11.0,11.0,6.0,2.0,0.0,191.0,0.0,0.0,5.0,4.0,0.0,5.0,2.0,0.22,0.0,0.0,0,0.0,83.0,83.0,0,0
392,0,13,0,0.0,0.0,0.0,0.0,0.0,0.0,0.0,0.0,0.0,0.0,0.0,0.0,0.0,0.0,0.0,0.0,0.0,0.0,0.0,0.0,0.0,0.0,0.0,0.0,0.0,0.0,5.0,2.0,0.22,0.0,0.0,0,0.0,0.0,0.0,0,0
393,0,13,0,0.0,0.0,0.0,0.0,0.0,0.0,0.0,0.0,0.0,0.0,0.0,0.0,0.0,0.0,0.0,0.0,0.0,0.0,0.0,0.0,0.0,0.0,0.0,0.0,0.0,0.0,5.0,2.0,0.22,0.0,0.0,0,0.0,0.0,0.0,0,0
394,0,14,0,0.0,0.0,0.0,0.0,0.0,1.0,0.0,1.0,8.0,8.0,12.0,28.0,0.64,12.0,56.0,52.0,47.0,10.0,11.0,0.0,468.0,0.0,0.17,27.0,5.0,0.0,5.0,2.0,0.22,0.0,0.0,1,1.0,40.5,81.0,1,0
395,3,14,0,0.0,0.0,0.0,3.0,0.0,0.0,0.0,0.0,12.0,6.0,11.0,24.0,0.75,8.0,60.0,83.0,87.0,19.0,14.0,2.0,416.0,2.0,0.16,4.0,21.0,0.0,19.0,5.0,0.26,1.0,0.0,2,2.0,407.0,135.66666666666666,0,1
396,0,14,0,0.0,0.0,0.0,0.0,0.0,0.0,0.0,0.0,0.0,0.0,0.0,0.0,0.0,0.0,0.0,0.0,0.0,0.0,0.0,0.0,0.0,0.0,0.0,0.0,0.0,0.0,5.0,2.0,0.22,0.0,0.0,0,0.0,0.0,0.0,0,0
397,0,14,1,0.0,0.0,0.0,2.0,0.0,1.0,0.0,2.0,7.0,8.0,29.0,20.0,0.65,9.0,70.0,56.0,35.0,34.0,17.0,2.0,1015.0,2.0,0.0,44.0,9.0,2.0,5.0,2.0,0.22,0.0,0.0,4,4.0,168.33333333333334,168.33333333333334,1,1
398,3,14,0,0.0,0.0,0.0,0.0,0.0,0.0,0.0,0.0,0.0,0.0,11.0,0.0,0.0,0.0,0.0,0.0,0.0,0.0,0.0,0.0,0.0,0.0,0.0,0.0,0.0,0.0,0.0,0.0,0.0,0.0,0.0,0,0.0,0.0,0.0,0,0
399,2,14,0,0.0,0.0,0.0,0.0,0.0,0.0,0.0,0.0,0.0,0.0,0.0,10.0,0.53,3.0,34.0,33.0,30.0,5.0,6.0,0.0,0.0,0.0,0.0,0.0,0.0,0.0,5.0,2.0,0.22,0.0,0.0,0,0.0,0.0,0.0,0,0
400,1,14,7,0.0,0.0,0.0,3.0,0.0,0.0,0.0,21.0,14.0,13.0,11.0,5.0,0.53,6.0,34.0,33.0,30.0,5.0,6.0,2.0,474.0,5.0,0.0,6.0,14.0,1.0,78.0,43.0,0.55,21.0,0.0,23,23.0,39.36363636363637,288.6666666666667,5,1
401,0,14,0,0.0,0.0,0.0,1.0,0.0,0.0,0.0,0.0,9.0,6.0,15.0,21.0,0.67,9.0,44.0,44.0,43.0,13.0,15.0,0.0,509.0,2.0,0.47,6.0,10.0,0.0,5.0,2.0,0.22,0.0,0.0,0,0.0,82.0,82.0,0,0
402,3,14,0,0.0,0.0,0.0,0.0,0.0,0.0,0.0,0.0,0.0,0.0,11.0,0.0,0.53,0.0,34.0,33.0,30.0,5.0,6.0,0.0,0.0,0.0,0.0,6.0,0.0,0.0,0.0,0.0,0.0,0.0,0.0,0,0.0,0.0,0.0,0,0
403,3,14,2,0.0,0.0,0.0,6.0,0.0,4.0,0.0,6.0,16.0,13.0,11.0,54.0,0.56,17.0,120.0,117.0,130.0,19.0,22.0,2.0,1209.0,5.0,0.32,44.0,24.0,0.0,41.0,15.0,0.37,7.0,0.0,8,8.0,144.85714285714286,338.0,2,1
404,3,14,0,0.0,0.0,0.0,0.0,0.0,0.0,0.0,0.0,0.0,0.0,11.0,0.0,0.53,0.0,34.0,33.0,30.0,5.0,6.0,0.0,0.0,0.0,0.0,6.0,0.0,0.0,0.0,0.0,0.0,0.0,0.0,0,0.0,0.0,0.0,0,0
405,0,14,0,0.0,0.0,0.0,6.0,0.0,2.0,0.0,4.0,17.0,14.0,58.0,42.0,0.57,36.0,174.0,150.0,149.0,70.0,72.0,1.0,2106.0,2.0,0.38,185.0,38.0,1.0,5.0,2.0,0.22,0.0,0.0,5,5.0,308.6,771.5,1,1
406,3,14,1,0.0,0.0,0.0,1.0,0.0,2.0,0.0,1.0,4.0,3.0,11.0,7.0,1.0,2.0,20.0,17.0,19.0,1.0,0.0,0.0,267.0,0.0,0.36,7.0,9.0,0.0,3.0,2.0,0.67,1.0,0.0,1,1.0,218.5,437.0,1,0
407,3,14,1,0.0,0.0,0.0,1.0,0.0,2.0,0.0,1.0,4.0,3.0,11.0,7.0,1.0,2.0,20.0,17.0,19.0,1.0,0.0,0.0,267.0,0.0,0.36,7.0,9.0,0.0,3.0,2.0,0.67,1.0,0.0,1,1.0,218.5,437.0,1,0
408,3,14,0,0.0,0.0,0.0,0.0,0.0,0.0,0.0,1.0,4.0,3.0,11.0,13.0,0.54,1.0,26.0,24.0,28.0,1.0,1.0,0.0,153.0,0.0,0.17,9.0,3.0,1.0,7.0,4.0,0.57,1.0,0.0,1,1.0,68.0,136.0,1,0
409,2,14,0,0.0,0.0,0.0,0.0,0.0,0.0,0.0,0.0,0.0,1.0,4.0,10.0,0.53,3.0,34.0,33.0,30.0,5.0,6.0,0.0,31.0,0.0,0.0,3.0,0.0,0.0,5.0,2.0,0.22,0.0,4.0,0,0.0,0.0,0.0,0,0
410,0,14,0,0.0,0.0,0.0,2.0,0.0,1.0,0.0,1.0,14.0,9.0,27.0,23.0,0.57,25.0,85.0,80.0,48.0,12.0,8.0,0.0,675.0,1.0,0.19,13.0,3.0,0.0,5.0,2.0,0.22,0.0,0.0,1,1.0,285.5,571.0,1,0
411,0,14,0,0.0,0.0,0.0,0.0,0.0,0.0,0.0,0.0,2.0,0.0,0.0,1.0,1.0,1.0,2.0,1.0,3.0,0.0,0.0,0.0,17.0,0.0,0.0,0.0,2.0,0.0,5.0,2.0,0.22,0.0,0.0,0,0.0,3.0,3.0,0,0
412,3,14,1,0.0,0.0,0.0,1.0,0.0,0.0,0.0,1.0,6.0,9.0,11.0,33.0,0.64,8.0,78.0,58.0,52.0,11.0,12.0,3.0,524.0,3.0,0.18,18.0,5.0,0.0,13.0,3.0,0.23,1.0,0.0,4,4.0,257.5,128.75,1,1
413,1,14,0,0.0,0.0,0.0,0.0,0.0,0.0,0.0,0.0,0.0,1.0,11.0,0.0,0.53,0.0,34.0,33.0,30.0,5.0,6.0,0.0,3.0,0.0,0.0,6.0,0.0,0.0,0.0,0.0,0.0,0.0,0.0,0,0.0,24.0,24.0,0,0
414,1,14,0,0.0,0.0,0.0,0.0,0.0,0.0,0.0,0.0,1.0,0.0,11.0,0.0,0.53,0.0,34.0,33.0,30.0,5.0,6.0,0.0,2.0,0.0,0.0,6.0,0.0,0.0,0.0,0.0,0.0,0.0,0.0,0,0.0,1.0,1.0,0,0
415,1,14,0,0.0,0.0,0.0,0.0,0.0,0.0,0.0,0.0,1.0,0.0,11.0,0.0,0.53,0.0,34.0,33.0,30.0,5.0,6.0,0.0,2.0,0.0,0.0,6.0,0.0,0.0,0.0,0.0,0.0,0.0,0.0,0,0.0,1.0,1.0,0,0
416,2,15,0,3.23,0.0,0.0,2.0,42.0,1.0,0.0,0.0,4.0,8.0,28.0,10.0,0.53,3.0,34.0,33.0,30.0,5.0,6.0,0.0,473.0,0.0,0.0,138.0,0.0,0.0,5.0,2.0,0.22,0.0,55.0,0,0.0,1170.0,1170.0,0,0
417,3,15,1,0.0,0.0,0.0,1.0,0.0,0.0,0.0,8.0,6.0,16.0,11.0,18.0,0.53,7.0,34.0,33.0,30.0,5.0,6.0,1.0,647.0,4.0,0.0,6.0,14.0,0.0,38.0,20.0,0.53,2.0,0.0,9,9.0,43.333333333333336,195.0,2,1
418,3,15,4,0.0,0.0,0.0,1.0,0.0,1.0,0.0,5.0,9.0,19.0,11.0,33.0,0.53,8.0,34.0,33.0,30.0,5.0,6.0,9.0,644.0,14.0,0.0,6.0,9.0,1.0,54.0,23.0,0.43,10.0,0.0,14,14.0,197.16666666666666,118.3,1,2
419,3,15,0,0.0,0.0,0.0,0.0,0.0,0.0,0.0,0.0,0.0,0.0,11.0,0.0,0.0,0.0,0.0,0.0,0.0,0.0,0.0,0.0,0.0,0.0,0.0,0.0,0.0,0.0,0.0,0.0,0.0,0.0,0.0,0,0.0,0.0,0.0,0,0
420,1,15,4,0.0,0.0,0.0,2.0,0.0,1.0,0.0,6.0,6.0,11.0,11.0,9.0,0.53,1.0,34.0,33.0,30.0,5.0,6.0,3.0,172.0,2.0,0.0,6.0,9.0,1.0,22.0,11.0,0.5,4.0,0.0,9,9.0,94.85714285714286,166.0,2,1
421,0,15,0,0.0,0.0,0.0,0.0,0.0,0.0,0.0,0.0,0.0,0.0,0.0,0.0,0.0,0.0,0.0,0.0,0.0,0.0,0.0,0.0,0.0,0.0,0.0,0.0,0.0,0.0,5.0,2.0,0.22,0.0,0.0,0,0.0,0.0,0.0,0,0
422,3,15,0,0.0,0.0,0.0,0.0,0.0,0.0,0.0,0.0,0.0,0.0,11.0,0.0,0.0,0.0,0.0,0.0,0.0,0.0,0.0,0.0,0.0,0.0,0.0,0.0,0.0,0.0,0.0,0.0,0.0,0.0,0.0,0,0.0,0.0,0.0,0,0
423,0,15,0,0.0,0.0,0.0,0.0,0.0,0.0,0.0,0.0,0.0,0.0,0.0,0.0,0.0,0.0,0.0,0.0,0.0,0.0,0.0,0.0,0.0,0.0,0.0,0.0,0.0,0.0,5.0,2.0,0.22,0.0,0.0,0,0.0,0.0,0.0,0,0
424,3,15,0,0.0,0.0,0.0,0.0,0.0,0.0,0.0,0.0,0.0,0.0,11.0,0.0,0.0,0.0,0.0,0.0,0.0,0.0,0.0,0.0,0.0,0.0,0.0,0.0,0.0,0.0,0.0,0.0,0.0,0.0,0.0,0,0.0,0.0,0.0,0,0
425,3,15,1,0.0,0.0,0.0,3.0,0.0,3.0,0.0,5.0,9.0,19.0,11.0,36.0,0.67,17.0,179.0,197.0,222.0,61.0,70.0,10.0,1282.0,16.0,0.3,72.0,37.0,1.0,71.0,15.0,0.21,5.0,0.0,15,15.0,251.0,136.9090909090909,1,2
426,2,15,0,0.0,0.0,0.0,0.0,0.0,0.0,0.0,0.0,0.0,0.0,0.0,10.0,0.53,3.0,34.0,33.0,30.0,5.0,6.0,0.0,0.0,0.0,0.0,0.0,0.0,0.0,5.0,2.0,0.22,0.0,0.0,0,0.0,0.0,0.0,0,0
427,3,15,0,0.0,0.0,0.0,0.0,0.0,2.0,0.0,0.0,4.0,4.0,11.0,8.0,0.63,2.0,14.0,21.0,21.0,10.0,10.0,0.0,73.0,0.0,0.0,0.0,6.0,0.0,5.0,1.0,0.2,1.0,0.0,0,0.0,200.0,200.0,0,0
428,0,15,0,0.0,0.0,0.0,0.0,0.0,0.0,0.0,0.0,0.0,0.0,0.0,0.0,0.0,0.0,0.0,0.0,0.0,0.0,0.0,0.0,0.0,0.0,0.0,0.0,0.0,0.0,5.0,2.0,0.22,0.0,0.0,0,0.0,0.0,0.0,0,0
429,3,15,1,0.0,0.0,0.0,3.0,0.0,4.0,0.0,1.0,4.0,11.0,11.0,27.0,0.48,26.0,74.0,70.0,72.0,10.0,4.0,0.0,642.0,0.0,0.5,23.0,23.0,0.0,10.0,1.0,0.1,1.0,0.0,1,1.0,699.5,1399.0,1,0
430,0,15,0,0.0,0.0,0.0,0.0,0.0,0.0,0.0,0.0,0.0,0.0,0.0,0.0,0.0,0.0,0.0,0.0,0.0,0.0,0.0,0.0,0.0,0.0,0.0,0.0,0.0,0.0,5.0,2.0,0.22,0.0,0.0,0,0.0,0.0,0.0,0,0
431,3,15,0,0.0,0.0,0.0,0.0,0.0,0.0,0.0,0.0,0.0,0.0,11.0,0.0,0.53,0.0,34.0,33.0,30.0,5.0,6.0,0.0,0.0,0.0,0.0,6.0,0.0,0.0,0.0,0.0,0.0,0.0,0.0,0,0.0,0.0,0.0,0,0
432,0,15,0,0.0,0.0,0.0,1.0,0.0,2.0,1.0,1.0,6.0,13.0,35.0,42.0,0.6,14.0,98.0,64.0,24.0,16.0,5.0,0.0,688.0,0.0,0.09,31.0,11.0,0.0,5.0,2.0,0.22,0.0,0.0,1,1.0,398.5,797.0,1,0
433,0,15,0,0.0,0.0,0.0,1.0,0.0,2.0,1.0,1.0,6.0,13.0,35.0,42.0,0.6,14.0,98.0,64.0,24.0,16.0,5.0,0.0,688.0,0.0,0.09,31.0,11.0,0.0,5.0,2.0,0.22,0.0,0.0,1,1.0,398.5,797.0,1,0
434,0,15,0,0.0,0.0,0.0,0.0,0.0,0.0,0.0,0.0,0.0,0.0,0.0,0.0,0.0,0.0,0.0,0.0,0.0,0.0,0.0,0.0,0.0,0.0,0.0,0.0,0.0,0.0,5.0,2.0,0.22,0.0,0.0,0,0.0,0.0,0.0,0,0
435,1,15,0,0.0,0.0,0.0,0.0,0.0,0.0,0.0,0.0,0.0,0.0,11.0,0.0,0.53,0.0,34.0,33.0,30.0,5.0,6.0,0.0,0.0,0.0,0.0,6.0,0.0,0.0,0.0,0.0,0.0,0.0,0.0,0,0.0,0.0,0.0,0,0
436,0,15,1,0.0,0.0,0.0,2.0,0.0,2.0,0.0,1.0,5.0,12.0,29.0,26.0,0.54,14.0,57.0,54.0,48.0,25.0,15.0,3.0,446.0,3.0,0.34,17.0,17.0,1.0,5.0,2.0,0.22,0.0,0.0,4,4.0,458.0,229.0,1,1
437,0,15,0,0.0,0.0,0.0,1.0,0.0,0.0,1.0,0.0,3.0,2.0,8.0,7.0,0.71,3.0,18.0,21.0,16.0,12.0,10.0,0.0,161.0,0.0,0.0,12.0,3.0,0.0,5.0,2.0,0.22,0.0,0.0,0,0.0,437.0,437.0,0,0
438,0,15,0,0.0,0.0,0.0,1.0,0.0,0.0,1.0,0.0,3.0,2.0,8.0,7.0,0.71,3.0,18.0,21.0,16.0,12.0,10.0,0.0,161.0,0.0,0.0,12.0,3.0,0.0,5.0,2.0,0.22,0.0,0.0,0,0.0,437.0,437.0,0,0
439,3,15,0,0.0,0.0,0.0,1.0,0.0,3.0,0.0,1.0,9.0,18.0,11.0,66.0,0.59,21.0,110.0,168.0,119.0,43.0,38.0,1.0,817.0,2.0,0.17,29.0,54.0,0.0,32.0,7.0,0.22,2.0,0.0,2,2.0,393.0,393.0,1,1
440,3,15,0,0.0,0.0,0.0,1.0,0.0,3.0,0.0,1.0,9.0,18.0,11.0,66.0,0.59,21.0,110.0,168.0,119.0,43.0,38.0,1.0,817.0,2.0,0.17,29.0,54.0,0.0,32.0,7.0,0.22,2.0,0.0,2,2.0,393.0,393.0,1,1
441,2,15,0,0.0,0.0,0.0,0.0,0.0,0.0,0.0,0.0,0.0,0.0,0.0,10.0,0.53,3.0,34.0,33.0,30.0,5.0,6.0,0.0,0.0,0.0,0.0,0.0,0.0,0.0,5.0,2.0,0.22,0.0,0.0,0,0.0,0.0,0.0,0,0
442,2,15,0,0.0,0.0,0.0,0.0,0.0,0.0,0.0,0.0,0.0,0.0,0.0,10.0,0.53,3.0,34.0,33.0,30.0,5.0,6.0,0.0,0.0,0.0,0.0,0.0,0.0,0.0,5.0,2.0,0.22,0.0,0.0,0,0.0,0.0,0.0,0,0
443,0,15,0,0.0,0.0,0.0,0.0,0.0,0.0,0.0,0.0,0.0,0.0,11.0,0.0,0.0,0.0,0.0,0.0,0.0,0.0,0.0,0.0,0.0,0.0,0.0,0.0,0.0,0.0,0.0,0.0,0.0,0.0,0.0,0,0.0,0.0,0.0,0,0
444,0,15,0,0.0,0.0,0.0,0.0,0.0,2.0,0.0,0.0,5.0,6.0,11.0,22.0,0.86,9.0,42.0,36.0,30.0,12.0,9.0,2.0,318.0,4.0,0.06,14.0,6.0,0.0,5.0,2.0,0.22,0.0,0.0,2,2.0,166.0,55.333333333333336,0,1
445,2,15,0,2.0,0.0,0.0,1.0,10.0,0.0,0.0,0.0,1.0,4.0,12.0,10.0,0.53,3.0,34.0,33.0,30.0,5.0,6.0,0.0,153.0,0.0,0.0,33.0,0.0,0.0,5.0,2.0,0.22,0.0,10.0,0,0.0,450.0,450.0,0,0
446,0,15,0,0.0,0.0,0.0,0.0,0.0,0.0,0.0,0.0,2.0,7.0,15.0,10.0,0.3,13.0,21.0,20.0,19.0,8.0,10.0,0.0,309.0,0.0,0.0,13.0,6.0,0.0,5.0,2.0,0.22,0.0,0.0,0,0.0,0.0,0.0,0,0
447,3,15,1,0.0,0.0,0.0,3.0,0.0,1.0,0.0,2.0,6.0,14.0,11.0,63.0,0.54,18.0,108.0,107.0,85.0,21.0,19.0,2.0,829.0,2.0,0.33,27.0,26.0,1.0,22.0,6.0,0.27,1.0,0.0,4,4.0,216.0,216.0,1,1
448,3,15,1,0.0,0.0,0.0,3.0,0.0,1.0,0.0,2.0,6.0,14.0,11.0,63.0,0.54,18.0,108.0,107.0,85.0,21.0,19.0,2.0,829.0,2.0,0.33,27.0,26.0,1.0,22.0,6.0,0.27,1.0,0.0,4,4.0,216.0,216.0,1,1
449,3,15,0,0.0,0.0,0.0,4.0,0.0,4.0,0.0,0.0,3.0,8.0,11.0,42.0,0.55,16.0,70.0,65.0,69.0,9.0,16.0,0.0,419.0,0.0,0.0,23.0,22.0,0.0,8.0,0.0,0.0,1.0,0.0,0,0.0,751.0,751.0,0,0
450,1,15,0,0.0,0.0,0.0,0.0,0.0,1.0,0.0,0.0,2.0,12.0,11.0,6.0,0.53,2.0,34.0,33.0,30.0,5.0,6.0,1.0,131.0,5.0,0.0,6.0,14.0,0.0,14.0,4.0,0.29,4.0,0.0,1,1.0,176.0,88.0,0,1
451,0,16,0,0.0,0.0,0.0,1.0,0.0,3.0,0.0,0.0,2.0,24.0,81.0,47.0,0.64,35.0,89.0,127.0,104.0,63.0,51.0,0.0,846.0,3.0,0.4,38.0,23.0,0.0,5.0,2.0,0.22,0.0,0.0,0,0.0,1002.0,1002.0,0,0
452,0,16,0,0.0,0.0,0.0,1.0,0.0,3.0,0.0,0.0,2.0,24.0,81.0,47.0,0.64,35.0,89.0,127.0,104.0,63.0,51.0,0.0,846.0,3.0,0.4,38.0,23.0,0.0,5.0,2.0,0.22,0.0,0.0,0,0.0,1002.0,1002.0,0,0
453,1,16,3,0.0,0.0,0.0,2.0,0.0,2.0,0.0,4.0,4.0,21.0,11.0,18.0,0.53,1.0,34.0,33.0,30.0,5.0,6.0,1.0,333.0,6.0,0.0,6.0,15.0,0.0,42.0,11.0,0.26,6.0,0.0,5,5.0,242.0,605.0,1,1
454,0,16,0,0.0,0.0,0.0,0.0,0.0,3.0,0.0,0.0,1.0,8.0,21.0,18.0,0.56,10.0,44.0,51.0,54.0,15.0,13.0,1.0,319.0,1.0,0.22,13.0,19.0,0.0,5.0,2.0,0.22,0.0,0.0,1,1.0,653.0,326.5,0,1
455,0,16,0,0.0,0.0,0.0,0.0,0.0,1.0,0.0,0.0,0.0,7.0,6.0,7.0,0.29,5.0,16.0,20.0,21.0,8.0,8.0,0.0,122.0,0.0,0.0,4.0,3.0,0.0,5.0,2.0,0.22,0.0,0.0,0,0.0,316.0,316.0,0,0
456,0,16,1,0.0,0.0,0.0,2.0,0.0,5.0,0.0,3.0,3.0,25.0,79.0,66.0,0.55,32.0,139.0,163.0,154.0,50.0,28.0,0.0,772.0,0.0,0.25,34.0,38.0,0.0,5.0,2.0,0.22,0.0,0.0,3,3.0,281.75,1127.0,1,0
457,1,16,0,0.0,0.0,0.0,0.0,0.0,0.0,0.0,0.0,2.0,10.0,11.0,5.0,0.53,1.0,34.0,33.0,30.0,5.0,6.0,0.0,73.0,0.0,0.0,6.0,5.0,0.0,7.0,3.0,0.43,0.0,0.0,0,0.0,163.0,163.0,0,0
458,3,16,0,0.0,0.0,0.0,0.0,0.0,0.0,0.0,0.0,0.0,0.0,11.0,0.0,0.0,0.0,0.0,0.0,0.0,0.0,0.0,0.0,0.0,0.0,0.0,0.0,0.0,0.0,0.0,0.0,0.0,0.0,0.0,0,0.0,0.0,0.0,0,0
459,0,16,0,0.0,0.0,0.0,0.0,0.0,2.0,0.0,0.0,0.0,5.0,17.0,6.0,0.67,13.0,21.0,21.0,21.0,14.0,9.0,0.0,183.0,0.0,0.0,5.0,6.0,0.0,5.0,2.0,0.22,0.0,0.0,0,0.0,482.0,482.0,0,0
460,3,16,0,0.0,0.0,0.0,0.0,0.0,1.0,0.0,0.0,0.0,4.0,11.0,1.0,0.0,0.0,5.0,5.0,10.0,2.0,7.0,0.0,40.0,1.0,0.0,1.0,2.0,0.0,0.0,0.0,0.0,0.0,0.0,0,0.0,89.0,89.0,0,0
461,2,16,0,4.67,0.0,1.0,1.0,84.0,2.0,0.0,0.0,3.0,23.0,79.0,10.0,0.53,3.0,34.0,33.0,30.0,5.0,6.0,0.0,943.0,0.0,0.0,228.0,1.0,0.0,5.0,2.0,0.22,0.0,133.0,0,0.0,1620.0,1620.0,0,0
462,1,16,0,0.0,0.0,0.0,0.0,0.0,0.0,0.0,0.0,0.0,1.0,11.0,0.0,0.53,0.0,34.0,33.0,30.0,5.0,6.0,0.0,3.0,0.0,0.0,6.0,0.0,0.0,0.0,0.0,0.0,0.0,0.0,0,0.0,0.0,0.0,0,0
463,1,16,2,0.0,0.0,0.0,0.0,0.0,1.0,2.0,6.0,0.0,15.0,11.0,17.0,0.53,5.0,34.0,33.0,30.0,5.0,6.0,3.0,398.0,3.0,0.0,6.0,19.0,1.0,33.0,17.0,0.52,7.0,0.0,9,9.0,83.85714285714286,146.75,2,1
464,1,16,0,0.0,0.0,0.0,0.0,0.0,0.0,0.0,0.0,0.0,0.0,11.0,0.0,0.53,0.0,34.0,33.0,30.0,5.0,6.0,0.0,0.0,0.0,0.0,6.0,0.0,0.0,0.0,0.0,0.0,0.0,0.0,0,0.0,0.0,0.0,0,0
465,0,16,0,0.0,0.0,0.0,0.0,0.0,0.0,0.0,0.0,1.0,3.0,6.0,1.0,1.0,1.0,4.0,4.0,7.0,1.0,1.0,0.0,54.0,0.0,0.0,1.0,3.0,0.0,5.0,2.0,0.22,0.0,0.0,0,0.0,0.0,0.0,0,0
466,3,16,1,0.0,0.0,0.0,0.0,0.0,5.0,0.0,1.0,2.0,19.0,11.0,41.0,0.63,21.0,98.0,65.0,63.0,14.0,17.0,0.0,855.0,1.0,0.31,68.0,15.0,0.0,15.0,6.0,0.4,0.0,0.0,1,1.0,588.5,1177.0,1,0
467,3,16,1,0.0,0.0,0.0,0.0,0.0,5.0,0.0,1.0,2.0,19.0,11.0,41.0,0.63,21.0,98.0,65.0,63.0,14.0,17.0,0.0,855.0,1.0,0.31,68.0,15.0,0.0,15.0,6.0,0.4,0.0,0.0,1,1.0,588.5,1177.0,1,0
468,3,16,0,0.0,0.0,0.0,0.0,0.0,2.0,0.0,0.0,2.0,18.0,11.0,22.0,0.41,8.0,80.0,44.0,55.0,6.0,22.0,2.0,506.0,1.0,0.21,23.0,8.0,0.0,4.0,0.0,0.0,0.0,0.0,2,2.0,298.0,99.33333333333333,0,1
469,1,16,0,0.0,0.0,0.0,0.0,0.0,4.0,0.0,0.0,1.0,17.0,11.0,2.0,0.53,2.0,34.0,33.0,30.0,5.0,6.0,0.0,90.0,1.0,0.0,6.0,15.0,0.0,21.0,8.0,0.38,2.0,0.0,0,0.0,446.0,446.0,0,0
470,0,16,0,0.0,0.0,0.0,0.0,0.0,1.0,0.0,0.0,0.0,9.0,11.0,17.0,0.53,7.0,34.0,33.0,25.0,1.0,4.0,0.0,165.0,1.0,0.0,2.0,5.0,0.0,5.0,2.0,0.22,0.0,0.0,0,0.0,276.0,276.0,0,0
471,0,16,0,0.0,0.0,0.0,0.0,0.0,0.0,0.0,0.0,0.0,0.0,0.0,0.0,0.0,0.0,0.0,0.0,0.0,0.0,0.0,0.0,0.0,0.0,0.0,0.0,0.0,0.0,5.0,2.0,0.22,0.0,0.0,0,0.0,0.0,0.0,0,0
472,1,16,0,0.0,0.0,0.0,0.0,0.0,0.0,0.0,0.0,0.0,2.0,11.0,0.0,0.53,0.0,34.0,33.0,30.0,5.0,6.0,0.0,2.0,0.0,0.0,6.0,0.0,0.0,0.0,0.0,0.0,0.0,0.0,0,0.0,11.0,11.0,0,0
473,3,16,2,0.0,0.0,0.0,2.0,0.0,4.0,0.0,4.0,3.0,26.0,11.0,39.0,0.54,29.0,162.0,90.0,154.0,6.0,16.0,6.0,982.0,10.0,0.29,42.0,50.0,0.0,49.0,15.0,0.31,1.0,0.0,10,10.0,272.6,194.71428571428572,1,2
474,3,16,2,0.0,0.0,0.0,2.0,0.0,4.0,0.0,4.0,3.0,26.0,11.0,39.0,0.54,29.0,162.0,90.0,154.0,6.0,16.0,6.0,982.0,10.0,0.29,42.0,50.0,0.0,49.0,15.0,0.31,1.0,0.0,10,10.0,272.6,194.71428571428572,1,2
475,3,16,0,0.0,0.0,0.0,0.0,0.0,1.0,0.0,0.0,1.0,7.0,11.0,10.0,0.5,3.0,21.0,17.0,24.0,3.0,3.0,0.0,92.0,0.0,0.0,2.0,7.0,0.0,4.0,1.0,0.25,0.0,0.0,0,0.0,57.0,57.0,0,0
476,3,16,0,0.0,0.0,0.0,0.0,0.0,0.0,0.0,0.0,0.0,1.0,11.0,0.0,0.0,0.0,1.0,0.0,0.0,0.0,0.0,0.0,1.0,0.0,0.0,0.0,0.0,0.0,0.0,0.0,0.0,0.0,0.0,0,0.0,7.0,7.0,0,0
477,0,16,0,0.0,0.0,0.0,0.0,0.0,0.0,0.0,0.0,0.0,0.0,0.0,0.0,0.0,0.0,0.0,0.0,0.0,0.0,0.0,0.0,0.0,0.0,0.0,0.0,0.0,0.0,5.0,2.0,0.22,0.0,0.0,0,0.0,0.0,0.0,0,0
478,3,16,0,0.0,0.0,0.0,0.0,0.0,0.0,0.0,0.0,1.0,0.0,11.0,0.0,0.0,0.0,1.0,0.0,0.0,0.0,0.0,0.0,1.0,0.0,0.0,0.0,0.0,0.0,0.0,0.0,0.0,0.0,0.0,0,0.0,9.0,9.0,0,0
479,2,17,0,0.0,0.0,0.0,0.0,0.0,0.0,0.0,0.0,0.0,0.0,0.0,10.0,0.53,3.0,34.0,33.0,30.0,5.0,6.0,0.0,0.0,0.0,0.0,0.0,0.0,0.0,5.0,2.0,0.22,0.0,0.0,0,0.0,0.0,0.0,0,0
480,3,17,0,0.0,0.0,0.0,0.0,0.0,1.0,0.0,1.0,10.0,10.0,11.0,23.0,0.65,17.0,54.0,65.0,83.0,14.0,22.0,1.0,787.0,0.0,0.11,20.0,20.0,0.0,18.0,5.0,0.28,1.0,0.0,2,2.0,44.0,44.0,1,1
481,3,17,0,0.0,0.0,0.0,6.0,0.0,5.0,2.0,0.0,15.0,9.0,11.0,80.0,0.65,37.0,128.0,152.0,111.0,14.0,15.0,0.0,1834.0,0.0,0.0,42.0,35.0,0.0,24.0,5.0,0.21,1.0,0.0,0,0.0,1211.0,1211.0,0,0
482,0,17,0,0.0,0.0,0.0,0.0,0.0,0.0,0.0,0.0,2.0,2.0,8.0,2.0,0.5,2.0,7.0,6.0,5.0,3.0,5.0,0.0,141.0,0.0,0.0,2.0,0.0,0.0,5.0,2.0,0.22,0.0,0.0,0,0.0,191.0,191.0,0,0
483,3,17,0,0.0,0.0,0.0,1.0,0.0,3.0,0.0,0.0,20.0,11.0,11.0,32.0,0.56,19.0,121.0,69.0,72.0,8.0,13.0,0.0,1383.0,3.0,0.07,75.0,20.0,0.0,19.0,6.0,0.32,0.0,0.0,0,0.0,607.0,607.0,0,0
484,3,17,5,0.0,0.0,0.0,6.0,0.0,4.0,0.0,8.0,19.0,12.0,11.0,62.0,0.53,18.0,133.0,152.0,240.0,7.0,15.0,3.0,1132.0,14.0,0.25,16.0,54.0,1.0,57.0,24.0,0.42,4.0,0.0,11,11.0,175.66666666666666,395.25,2,1
485,2,17,0,0.0,0.0,0.0,0.0,0.0,0.0,0.0,0.0,0.0,0.0,0.0,10.0,0.53,3.0,34.0,33.0,30.0,5.0,6.0,0.0,0.0,0.0,0.0,0.0,0.0,0.0,5.0,2.0,0.22,0.0,0.0,0,0.0,0.0,0.0,0,0
486,3,17,2,0.0,0.0,0.0,0.0,0.0,0.0,0.0,2.0,9.0,11.0,11.0,22.0,0.59,5.0,46.0,57.0,32.0,1.0,5.0,2.0,483.0,1.0,0.38,18.0,12.0,0.0,13.0,6.0,0.46,0.0,0.0,4,4.0,100.66666666666667,100.66666666666667,1,1
487,0,17,0,0.0,0.0,0.0,5.0,0.0,3.0,0.0,3.0,19.0,11.0,54.0,91.0,0.69,34.0,199.0,159.0,147.0,17.0,14.0,7.0,1865.0,13.0,0.19,77.0,37.0,0.0,5.0,2.0,0.22,0.0,0.0,10,10.0,381.75,190.875,1,2
488,0,17,0,0.0,0.0,0.0,0.0,0.0,0.0,0.0,0.0,0.0,0.0,0.0,0.0,0.0,0.0,0.0,0.0,0.0,0.0,0.0,0.0,0.0,0.0,0.0,0.0,0.0,0.0,5.0,2.0,0.22,0.0,0.0,0,0.0,0.0,0.0,0,0
489,0,17,3,0.0,0.0,1.0,5.0,0.0,4.0,1.0,5.0,19.0,9.0,42.0,66.0,0.61,44.0,189.0,182.0,86.0,90.0,39.0,0.0,2586.0,1.0,0.0,60.0,31.0,3.0,5.0,2.0,0.22,0.0,0.0,5,5.0,195.0,1170.0,1,0
490,3,17,0,0.0,0.0,0.0,0.0,0.0,1.0,0.0,0.0,12.0,5.0,11.0,18.0,0.67,3.0,36.0,35.0,32.0,4.0,10.0,0.0,373.0,0.0,1.0,14.0,8.0,0.0,4.0,1.0,0.25,1.0,0.0,0,0.0,378.0,378.0,0,0
491,0,17,0,0.0,0.0,0.0,0.0,0.0,0.0,0.0,0.0,0.0,0.0,0.0,0.0,0.0,0.0,0.0,0.0,0.0,0.0,0.0,0.0,0.0,0.0,0.0,0.0,0.0,0.0,5.0,2.0,0.22,0.0,0.0,0,0.0,0.0,0.0,0,0
492,0,17,0,0.0,0.0,0.0,0.0,0.0,0.0,0.0,0.0,0.0,0.0,0.0,0.0,0.0,0.0,0.0,0.0,0.0,0.0,0.0,0.0,0.0,0.0,0.0,0.0,0.0,0.0,5.0,2.0,0.22,0.0,0.0,0,0.0,0.0,0.0,0,0
493,0,17,1,0.0,0.0,0.0,4.0,0.0,5.0,1.0,2.0,16.0,6.0,40.0,68.0,0.49,37.0,169.0,150.0,151.0,22.0,27.0,3.0,1214.0,3.0,0.05,7.0,51.0,0.0,5.0,2.0,0.22,0.0,0.0,5,5.0,410.6666666666667,308.0,1,1
494,2,17,0,3.17,0.0,0.0,5.0,57.0,2.0,0.0,0.0,20.0,12.0,61.0,10.0,0.53,3.0,34.0,33.0,30.0,5.0,6.0,0.0,1371.0,0.0,0.0,85.0,0.0,0.0,5.0,2.0,0.22,0.0,110.0,0,0.0,1620.0,1620.0,0,0
495,2,17,0,0.0,0.0,0.0,0.0,0.0,0.0,0.0,0.0,0.0,0.0,0.0,10.0,0.53,3.0,34.0,33.0,30.0,5.0,6.0,0.0,0.0,0.0,0.0,0.0,0.0,0.0,5.0,2.0,0.22,0.0,0.0,0,0.0,0.0,0.0,0,0
496,3,17,0,0.0,0.0,0.0,0.0,0.0,1.0,0.0,0.0,4.0,0.0,11.0,3.0,0.53,3.0,34.0,33.0,30.0,5.0,6.0,2.0,85.0,1.0,0.0,6.0,2.0,0.0,7.0,1.0,0.14,0.0,0.0,2,2.0,196.0,65.33333333333333,0,1
497,0,17,1,0.0,0.0,0.0,4.0,0.0,1.0,0.0,3.0,15.0,7.0,38.0,49.0,0.71,18.0,144.0,119.0,84.0,38.0,41.0,0.0,1783.0,0.0,0.0,41.0,13.0,0.0,5.0,2.0,0.22,0.0,0.0,3,3.0,236.25,945.0,1,0
498,1,17,0,0.0,0.0,0.0,0.0,0.0,0.0,0.0,0.0,4.0,0.0,11.0,1.0,0.53,0.0,34.0,33.0,30.0,5.0,6.0,0.0,3.0,0.0,0.0,6.0,1.0,0.0,0.0,0.0,0.0,0.0,0.0,0,0.0,0.0,0.0,0,0
499,1,17,0,0.0,0.0,0.0,0.0,0.0,1.0,0.0,1.0,5.0,3.0,11.0,1.0,0.53,0.0,34.0,33.0,30.0,5.0,6.0,0.0,10.0,0.0,0.0,6.0,0.0,0.0,2.0,1.0,0.5,0.0,0.0,1,1.0,8.5,17.0,1,0
500,1,17,0,0.0,0.0,0.0,0.0,0.0,0.0,0.0,0.0,2.0,0.0,11.0,0.0,0.53,0.0,34.0,33.0,30.0,5.0,6.0,0.0,1.0,0.0,0.0,6.0,1.0,0.0,0.0,0.0,0.0,0.0,0.0,0,0.0,2.0,2.0,0,0
501,0,17,0,0.0,0.0,0.0,0.0,0.0,0.0,0.0,0.0,0.0,0.0,0.0,0.0,0.0,0.0,0.0,0.0,0.0,0.0,0.0,0.0,0.0,0.0,0.0,0.0,0.0,0.0,5.0,2.0,0.22,0.0,0.0,0,0.0,0.0,0.0,0,0
502,0,18,1,0.0,0.0,0.0,2.0,0.0,1.0,1.0,1.0,7.0,10.0,44.0,26.0,0.54,17.0,102.0,83.0,52.0,48.0,33.0,0.0,1164.0,0.0,0.0,104.0,10.0,1.0,5.0,2.0,0.22,0.0,0.0,1,1.0,708.0,1416.0,1,0
503,1,18,2,0.0,0.0,0.0,4.0,0.0,2.0,0.0,6.0,9.0,11.0,11.0,15.0,0.53,4.0,34.0,33.0,30.0,5.0,6.0,2.0,268.0,1.0,0.0,6.0,25.0,2.0,30.0,14.0,0.47,6.0,0.0,8,8.0,116.0,270.6666666666667,2,1
504,2,18,0,3.47,1.0,0.0,2.0,52.0,0.0,0.0,0.0,11.0,11.0,53.0,10.0,0.53,3.0,34.0,33.0,30.0,5.0,6.0,0.0,718.0,0.0,0.0,184.0,2.0,0.0,5.0,2.0,0.22,0.0,138.0,0,0.0,1350.0,1350.0,0,0
505,3,18,0,0.0,0.0,0.0,1.0,0.0,1.0,0.0,0.0,6.0,4.0,11.0,8.0,0.53,5.0,34.0,33.0,30.0,5.0,6.0,1.0,238.0,2.0,0.0,6.0,5.0,0.0,19.0,6.0,0.32,2.0,0.0,1,1.0,482.0,241.0,0,1
506,3,18,11,0.0,0.0,0.0,3.0,0.0,1.0,0.0,16.0,13.0,11.0,11.0,42.0,0.53,19.0,34.0,33.0,30.0,5.0,6.0,6.0,622.0,12.0,0.0,6.0,28.0,5.0,84.0,37.0,0.44,13.0,0.0,22,22.0,89.82352941176471,218.14285714285714,4,2
507,3,18,0,0.0,0.0,0.0,0.0,0.0,0.0,0.0,1.0,0.0,4.0,11.0,3.0,0.53,2.0,34.0,33.0,30.0,5.0,6.0,0.0,48.0,0.0,0.0,6.0,2.0,0.0,4.0,1.0,0.25,0.0,0.0,1,1.0,0.5,1.0,1,0
508,0,18,0,0.0,0.0,0.0,3.0,0.0,4.0,0.0,0.0,14.0,14.0,69.0,64.0,0.64,43.0,154.0,142.0,137.0,40.0,37.0,7.0,1229.0,6.0,0.24,39.0,32.0,0.0,5.0,2.0,0.22,0.0,0.0,7,7.0,1616.0,202.0,0,2
509,0,18,0,0.0,0.0,0.0,3.0,0.0,4.0,0.0,0.0,14.0,14.0,69.0,64.0,0.64,43.0,154.0,142.0,137.0,40.0,37.0,7.0,1229.0,6.0,0.24,39.0,32.0,0.0,5.0,2.0,0.22,0.0,0.0,7,7.0,1616.0,202.0,0,2
510,3,18,0,0.0,0.0,0.0,0.0,0.0,0.0,0.0,0.0,0.0,0.0,11.0,0.0,0.0,0.0,0.0,0.0,0.0,0.0,0.0,0.0,0.0,0.0,0.0,0.0,0.0,0.0,0.0,0.0,0.0,0.0,0.0,0,0.0,0.0,0.0,0,0
511,3,18,0,0.0,0.0,0.0,0.0,0.0,0.0,0.0,0.0,0.0,0.0,11.0,0.0,0.0,0.0,0.0,0.0,0.0,0.0,0.0,0.0,0.0,0.0,0.0,0.0,0.0,0.0,0.0,0.0,0.0,0.0,0.0,0,0.0,0.0,0.0,0,0
512,3,18,0,0.0,0.0,0.0,0.0,0.0,0.0,0.0,0.0,0.0,0.0,11.0,0.0,0.0,0.0,0.0,0.0,0.0,0.0,0.0,0.0,0.0,0.0,0.0,0.0,0.0,0.0,0.0,0.0,0.0,0.0,0.0,0,0.0,0.0,0.0,0,0
513,2,18,0,3.67,0.0,0.0,1.0,11.0,0.0,0.0,0.0,3.0,5.0,21.0,10.0,0.53,3.0,34.0,33.0,30.0,5.0,6.0,0.0,194.0,0.0,0.0,57.0,0.0,0.0,5.0,2.0,0.22,0.0,33.0,0,0.0,270.0,270.0,0,0
514,0,18,0,0.0,0.0,0.0,0.0,0.0,2.0,0.0,0.0,2.0,1.0,1.0,1.0,1.0,0.0,0.0,2.0,4.0,1.0,2.0,0.0,7.0,0.0,0.0,0.0,2.0,0.0,5.0,2.0,0.22,0.0,0.0,0,0.0,19.0,19.0,0,0
515,1,18,0,0.0,0.0,0.0,0.0,0.0,0.0,0.0,0.0,2.0,1.0,11.0,0.0,0.53,0.0,34.0,33.0,30.0,5.0,6.0,0.0,22.0,0.0,0.0,6.0,1.0,0.0,1.0,0.0,0.0,0.0,0.0,0,0.0,57.0,57.0,0,0
516,1,18,0,0.0,0.0,0.0,0.0,0.0,0.0,0.0,0.0,0.0,0.0,11.0,0.0,0.53,0.0,34.0,33.0,30.0,5.0,6.0,0.0,0.0,0.0,0.0,6.0,0.0,0.0,0.0,0.0,0.0,0.0,0.0,0,0.0,0.0,0.0,0,0
517,0,18,1,0.0,0.0,0.0,3.0,0.0,2.0,0.0,3.0,13.0,13.0,63.0,23.0,0.74,29.0,95.0,89.0,76.0,58.0,43.0,0.0,1143.0,0.0,0.0,69.0,24.0,3.0,5.0,2.0,0.22,0.0,0.0,3,3.0,353.25,1413.0,1,0
518,0,18,0,0.0,0.0,0.0,0.0,0.0,0.0,0.0,0.0,6.0,3.0,14.0,11.0,0.45,3.0,10.0,27.0,9.0,12.0,7.0,0.0,214.0,0.0,0.0,9.0,1.0,0.0,5.0,2.0,0.22,0.0,0.0,0,0.0,138.0,138.0,0,0
519,0,18,0,0.0,0.0,0.0,0.0,0.0,0.0,0.0,0.0,6.0,3.0,14.0,11.0,0.45,3.0,10.0,27.0,9.0,12.0,7.0,0.0,214.0,0.0,0.0,9.0,1.0,0.0,5.0,2.0,0.22,0.0,0.0,0,0.0,138.0,138.0,0,0
520,2,18,0,0.0,0.0,0.0,0.0,0.0,0.0,0.0,0.0,0.0,0.0,0.0,10.0,0.53,3.0,34.0,33.0,30.0,5.0,6.0,0.0,0.0,0.0,0.0,0.0,0.0,0.0,5.0,2.0,0.22,0.0,0.0,0,0.0,0.0,0.0,0,0
521,0,18,0,0.0,0.0,1.0,1.0,0.0,1.0,0.0,1.0,6.0,6.0,27.0,28.0,0.57,23.0,70.0,84.0,44.0,44.0,24.0,0.0,627.0,0.0,0.0,40.0,15.0,1.0,5.0,2.0,0.22,0.0,0.0,1,1.0,158.0,316.0,1,0
522,3,18,6,0.0,0.0,0.0,2.0,0.0,3.0,0.0,8.0,12.0,14.0,11.0,65.0,0.72,11.0,212.0,279.0,252.0,15.0,29.0,6.0,773.0,5.0,0.22,44.0,39.0,0.0,67.0,17.0,0.25,4.0,0.0,14,14.0,96.77777777777777,124.42857142857143,2,2
523,3,18,6,0.0,0.0,0.0,2.0,0.0,3.0,0.0,8.0,12.0,14.0,11.0,65.0,0.72,11.0,212.0,279.0,252.0,15.0,29.0,6.0,773.0,5.0,0.22,44.0,39.0,0.0,67.0,17.0,0.25,4.0,0.0,14,14.0,96.77777777777777,124.42857142857143,2,2
524,3,19,0,0.0,0.0,0.0,1.0,0.0,1.0,0.0,0.0,8.0,14.0,11.0,26.0,0.5,12.0,93.0,31.0,31.0,0.0,4.0,0.0,911.0,1.0,0.21,75.0,11.0,0.0,14.0,3.0,0.21,0.0,0.0,0,0.0,289.0,289.0,0,0
525,3,19,0,0.0,0.0,0.0,1.0,0.0,1.0,0.0,0.0,8.0,14.0,11.0,26.0,0.5,12.0,93.0,31.0,31.0,0.0,4.0,0.0,911.0,1.0,0.21,75.0,11.0,0.0,14.0,3.0,0.21,0.0,0.0,0,0.0,289.0,289.0,0,0
526,0,19,0,0.0,0.0,0.0,1.0,0.0,4.0,0.0,2.0,12.0,17.0,43.0,71.0,0.62,15.0,136.0,207.0,166.0,21.0,25.0,1.0,1038.0,3.0,0.2,23.0,25.0,1.0,5.0,2.0,0.22,0.0,0.0,3,3.0,331.6666666666667,497.5,1,1
527,0,19,0,0.0,0.0,0.0,0.0,0.0,0.0,0.0,0.0,0.0,0.0,0.0,0.0,0.0,0.0,0.0,0.0,0.0,0.0,0.0,0.0,0.0,0.0,0.0,0.0,0.0,0.0,5.0,2.0,0.22,0.0,0.0,0,0.0,0.0,0.0,0,0
528,3,19,0,0.0,0.0,0.0,0.0,0.0,0.0,0.0,0.0,0.0,0.0,11.0,0.0,0.0,0.0,0.0,0.0,0.0,0.0,0.0,0.0,0.0,0.0,0.0,0.0,0.0,0.0,0.0,0.0,0.0,0.0,0.0,0,0.0,0.0,0.0,0,0
529,0,19,0,0.0,0.0,0.0,3.0,0.0,5.0,0.0,1.0,10.0,10.0,38.0,30.0,0.67,16.0,100.0,111.0,66.0,63.0,32.0,1.0,1272.0,2.0,0.0,100.0,20.0,0.0,5.0,2.0,0.22,0.0,0.0,2,2.0,744.5,744.5,1,1
530,1,19,0,0.0,0.0,0.0,1.0,0.0,2.0,0.0,0.0,2.0,5.0,11.0,7.0,0.53,2.0,34.0,33.0,30.0,5.0,6.0,0.0,75.0,0.0,0.0,6.0,8.0,0.0,7.0,3.0,0.43,2.0,0.0,0,0.0,259.0,259.0,0,0
531,3,19,0,0.0,0.0,0.0,0.0,0.0,0.0,0.0,0.0,0.0,0.0,11.0,0.0,0.0,0.0,0.0,0.0,0.0,0.0,0.0,0.0,0.0,0.0,0.0,0.0,0.0,0.0,0.0,0.0,0.0,0.0,0.0,0,0.0,0.0,0.0,0,0
532,3,19,0,0.0,0.0,0.0,0.0,0.0,0.0,0.0,0.0,0.0,0.0,11.0,0.0,0.0,0.0,0.0,0.0,0.0,0.0,0.0,0.0,0.0,0.0,0.0,0.0,0.0,0.0,0.0,0.0,0.0,0.0,0.0,0,0.0,0.0,0.0,0,0
533,0,19,0,0.0,0.0,0.0,0.0,0.0,0.0,0.0,0.0,0.0,0.0,0.0,0.0,0.0,0.0,0.0,0.0,0.0,0.0,0.0,0.0,0.0,0.0,0.0,0.0,0.0,0.0,5.0,2.0,0.22,0.0,0.0,0,0.0,0.0,0.0,0,0
534,1,19,2,0.0,0.0,0.0,1.0,0.0,0.0,0.0,2.0,3.0,5.0,11.0,6.0,0.53,1.0,34.0,33.0,30.0,5.0,6.0,0.0,59.0,2.0,0.0,6.0,6.0,0.0,4.0,2.0,0.5,1.0,0.0,2,2.0,52.666666666666664,158.0,1,0
535,3,19,3,0.0,0.0,0.0,2.0,0.0,7.0,1.0,4.0,11.0,17.0,11.0,90.0,0.64,41.0,199.0,174.0,146.0,35.0,42.0,1.0,1439.0,3.0,0.27,59.0,43.0,3.0,48.0,18.0,0.38,4.0,0.0,5,5.0,276.2,690.5,1,1
536,3,19,1,0.0,0.0,0.0,3.0,0.0,1.0,0.0,4.0,12.0,14.0,11.0,20.0,0.65,10.0,90.0,69.0,110.0,7.0,22.0,7.0,829.0,9.0,0.29,33.0,21.0,1.0,46.0,18.0,0.39,4.0,0.0,11,11.0,105.4,65.875,1,2
537,0,19,0,0.0,0.0,0.0,0.0,0.0,0.0,0.0,0.0,3.0,7.0,18.0,13.0,0.54,6.0,30.0,34.0,44.0,16.0,26.0,0.0,476.0,0.0,0.0,14.0,10.0,0.0,5.0,2.0,0.22,0.0,0.0,0,0.0,110.0,110.0,0,0
538,3,19,0,0.0,0.0,0.0,0.0,0.0,0.0,0.0,0.0,0.0,1.0,11.0,0.0,0.53,0.0,34.0,33.0,30.0,5.0,6.0,0.0,6.0,0.0,0.0,6.0,0.0,0.0,0.0,0.0,0.0,0.0,0.0,0,0.0,0.0,0.0,0,0
539,3,19,1,0.0,0.0,0.0,0.0,0.0,0.0,1.0,2.0,8.0,11.0,11.0,17.0,0.59,8.0,41.0,66.0,78.0,8.0,27.0,1.0,281.0,1.0,0.1,5.0,10.0,0.0,15.0,5.0,0.33,0.0,0.0,3,3.0,153.33333333333334,230.0,1,1
540,3,19,1,0.0,0.0,0.0,0.0,0.0,0.0,1.0,2.0,8.0,11.0,11.0,17.0,0.59,8.0,41.0,66.0,78.0,8.0,27.0,1.0,281.0,1.0,0.1,5.0,10.0,0.0,15.0,5.0,0.33,0.0,0.0,3,3.0,153.33333333333334,230.0,1,1
541,3,19,0,0.0,0.0,0.0,0.0,0.0,0.0,0.0,0.0,0.0,0.0,11.0,0.0,0.0,0.0,0.0,0.0,0.0,0.0,0.0,0.0,0.0,0.0,0.0,0.0,0.0,0.0,0.0,0.0,0.0,0.0,0.0,0,0.0,0.0,0.0,0,0
542,3,19,0,0.0,0.0,0.0,0.0,0.0,0.0,0.0,0.0,0.0,6.0,11.0,7.0,0.43,1.0,3.0,11.0,13.0,1.0,3.0,0.0,53.0,0.0,0.5,1.0,4.0,0.0,3.0,1.0,0.33,0.0,0.0,0,0.0,0.0,0.0,0,0
543,0,19,0,0.0,0.0,0.0,0.0,0.0,0.0,0.0,0.0,0.0,0.0,0.0,0.0,0.0,0.0,0.0,0.0,0.0,0.0,0.0,0.0,0.0,0.0,0.0,0.0,0.0,0.0,5.0,2.0,0.22,0.0,0.0,0,0.0,0.0,0.0,0,0
544,3,19,0,0.0,0.0,0.0,0.0,0.0,0.0,0.0,0.0,0.0,0.0,11.0,0.0,0.0,0.0,0.0,0.0,0.0,0.0,0.0,0.0,0.0,0.0,0.0,0.0,0.0,0.0,0.0,0.0,0.0,0.0,0.0,0,0.0,0.0,0.0,0,0
545,3,19,0,0.0,0.0,0.0,0.0,0.0,0.0,0.0,0.0,0.0,0.0,11.0,0.0,0.0,0.0,0.0,0.0,0.0,0.0,0.0,0.0,0.0,0.0,0.0,0.0,0.0,0.0,0.0,0.0,0.0,0.0,0.0,0,0.0,0.0,0.0,0,0
546,3,19,0,0.0,0.0,0.0,0.0,0.0,0.0,0.0,0.0,0.0,0.0,11.0,0.0,0.53,0.0,34.0,33.0,30.0,5.0,6.0,0.0,0.0,0.0,0.0,6.0,0.0,0.0,0.0,0.0,0.0,0.0,0.0,0,0.0,0.0,0.0,0,0
